geometry.lat,geometry.long,properties.county,properties.state,properties.address,properties.name,properties.phone
39.7094354,-86.1451759,Marion County,IN,"3902 Madison Avenue Indianapolis, Indiana 46227",Access Plasma dba/Saturn Biomedical,317-786-4470
33.9287318,-84.22121039999999,Gwinnett County,GA,"6290 Jimmy Carter Boulevard, Suite 208, Norcross, Georgia 30071",ADMA BioCenters,678-495-5800
33.9049774,-84.4650671,Cobb County,GA,"3000 Windy Hill Road, Suite 220, Marietta, Georgia 30067",ADMA BioCenters,678-504-7333
39.9377444,-75.0462601,Camden County,NJ,"500 Route 38, Cherry Hill, New Jersey 08002",B Positive Plasma LLC,856-438-5581
38.9634987,-76.9397295,Prince George's County,MD,"6200 Baltimore Avenue, Suite 100, Riverdale Park, Maryland 20737",B Positive Plasma LLC,240-623-1200
39.7209819,-75.11227339999999,Gloucester County,NJ,"812B N Delsea Road, Glassboro, New Jersey 08028",B Positive Plasma LLC,856.442.9100
41.6133323,-87.5149409,IN,US,"5550 Sohl Avenue, Hammond, Indiana 46320",Bio-Blood Components Inc.,219-932-6388
41.5878389,-87.3374113,IN,US,"1504 Broadway, Gary, Indiana 46407",Bio-Blood Components Inc.,219-882-5555
39.9850119,-83.0047051,OH,US,"1112 North High Street, Columbus, Ohio 43201",Bio-Blood Components Inc.,614-294-3183
43.2056928,-86.2714852,Muskegon County,MI,"2585 Barclay Street, Ste C, Muskegon, Michigan 49441","Bio-Blood Components, Inc.",231-755-0389
35.07812300000001,-106.6506374,NM,US,"701 Second Street SW, Albuquerque, New Mexico 87102",Bio-Save Resources of Albuquerque Inc.,505-842-6991
36.1145621,-94.1490255,Washington County,AR,"435 Millsap Road, Fayetteville, Arkansas 72703",BioLife Plasma Services,479-575-9477 x17
27.9503872,-81.97252999999999,FL,US,"6415 S Florida Avenue, Lakeland, Florida 33813",BioLife Plasma Services,863-687-4527
43.4760637,-111.983366,ID,US,"2385 South 25th East, Ammon, Idaho 83406",BioLife Plasma Services,208-542-2406
47.7471159,-116.7928426,ID,US,"8300 North Cornerstone Drive, Hayden, Idaho 83835",BioLife Plasma Services,208-762-2486
41.951356,-88.721443,IL,US,"1455 County Farm Road, DeKalb, Illinois 60115",BioLife Plasma Services,815-754-5777
41.1520425,-85.1376456,IN,US,"7921 Coldwater Road, Ft. Wayne, Indiana 46825",BioLife Plasma Services,260-422-7435
40.4399774,-86.1310496,Howard County,IN,"111 E. Alto Rd., Kokomo, Indiana 46902",BioLife Plasma Services,765-453-5670
40.2204999,-85.4376783,IN,US,"3401 North Marleon Drive, Muncie, Indiana 47304",BioLife Plasma Services,765-288-2699
39.152652,-86.574367,Monroe County,IN,"1565 S Liberty Drive, Bloomington, Indiana 47403",BioLife Plasma Services,812-334-1405
41.7221182,-85.9820524,IN,US,"2715 Emerson Drive, Elkhart, Indiana 46514",BioLife Plasma Services,574-264-7204
42.006991,-93.61556700000001,IA,US,"1618 Golden Aspen Drive, Ames, Iowa 50010",BioLife Plasma Services,515-233-2556 x16
42.4934854,-90.7379109,IA,US,"1220 Associates Drive, Dubuque, Iowa 52001",BioLife Plasma Services,563-583-3637
41.6954337,-91.6037769,IA,US,"2490 Corridor Way, Coralville, Iowa 52241",BioLife Plasma Services,319-351-7939
42.0378628,-91.64791160000001,IA,US,"5950 Rockwell Drive NE, Cedar Rapids, Iowa 52402",BioLife Plasma Services,319-378-9612
42.4845879,-92.4374722,IA,US,"802 Brandilynn Boulevard, Cedar Falls, Iowa 50613",BioLife Plasma Services,319-277-1981
42.4462723,-96.3334912,Woodbury County,IA,"5550 Sergeant Road, Sioux City, Iowa 51106",BioLife Plasma Services,712-274-5906
43.5759931,-84.7616676,Isabella County,MI,"4279 Bluegrass Road, Mt. Pleasant, Michigan 48858",BioLife Plasma Services,989-773-1500
42.9153722,-85.5682265,Kent County,MI,"2670 E Paris Avenue SE, Grand Rapids, Michigan 49546",BioLife Plasma Services,616-285-7900
43.017899,-85.68161599999999,MI,US,"540 Center Drive, Walker, Michigan 49544",BioLife Plasma Services,616-647-4672
46.570466,-87.39469000000001,MI,US,"175 Hawley Street, Marquette, Michigan 49855",BioLife Plasma Services,906-226-9080 x19
45.0994285,-93.1977017,MN,US,"2325 Mounds View Road, Mounds View, Minnesota 55112",BioLife Plasma Services,763-780-2181
44.1699872,-93.9606238,Blue Earth County,MN,"35 Teton Lane, Mankato, Minnesota 56001",BioLife Plasma Services,507-344-0300 x14
45.5788167,-94.1838435,MN,US,"2019 Stearns Way, St. Cloud, Minnesota 56303",BioLife Plasma Services,320-259-6300
46.8445685,-96.7603864,Clay County,MN,"2960 12th Street South, Moorhead, Minnesota 56560",BioLife Plasma Services,218-287-5869
39.0335912,-94.35245859999999,MO,US,"19351 E. Eastland Center Ct., Independence, Missouri 64055",BioLife Plasma Services,816-795-7002
37.0560791,-94.53528879999999,MO,US,"1803 W 32nd Street, Joplin, Missouri 64804",BioLife Plasma Services,417-782-7755
37.156026,-93.266634,MO,US,"1620 East Erie Street, Springfield, Missouri 65804",BioLife Plasma Services,417-862-5013
45.7520091,-108.5733324,MT,US,"2300 Grant Road, Billings, Montana 59102",BioLife Plasma Services,406-655-4927 x20
47.4805647,-111.3466008,MT,US,"1901 Market Place Drive, Great Falls, Montana 59404",BioLife Plasma Services,406-268-0501
46.8919377,-114.0349562,MT,US,"3050 Great Northern Avenue, Missoula, Montana 59808",BioLife Plasma Services,406-721-2584
36.0911294,-79.78176040000001,NC,US,"1409 Yanceyville Street, Greensboro, North Carolina 27405",BioLife Plasma Services,336-315-5425
46.8645703,-96.8215987,ND,US,"2617 12th Avenue S, Fargo, North Dakota 58103",BioLife Plasma Services,701-232-4426
47.9198785,-97.0984343,ND,US,"4770 Technology Circle, Grand Forks, North Dakota 58203",BioLife Plasma Services,701-772-7121 x16
46.8300662,-100.8232539,ND,US,"1800 Burnt Boat Road, Bismarck, North Dakota 58506",BioLife Plasma Services,701-355-0848 x26
40.7786875,-84.18381649999999,OH,US,"4299 Elida Road, Lima, Ohio 45807",BioLife Plasma Services,419-224-0117
41.06523139999999,-83.6181309,OH,US,"1789 E. Melrose Avenue, Findlay, Ohio 45840",BioLife Plasma Services,419-425-8680
41.71749579999999,-81.2963405,Lake County,OH,"5656 Emerald Court, Mentor, Ohio 44060",BioLife Plasma Services,440-392-6111
39.4861705,-84.32908479999999,OH,US,"2850 Towne Boulevard, Middletown, Ohio 45044",BioLife Plasma Services,513-424-1462
36.0631615,-95.7636326,OK,US,"2301 East Hillside Drive, Broken Arrow, Oklahoma 74012",BioLife Plasma Services,918-355-4890
40.791102,-77.8637272,PA,US,"321 West Beaver Avenue, State College, Pennsylvania 16801",BioLife Plasma Services,814-237-5761
32.2661302,-95.3091886,Smith County,TX,"332 West Heritage Drive, Tyler, Texas 75703",BioLife Plasma Services,903-592-1144
33.1870067,-97.09502100000002,TX,US,"3455 Quail Creek Drive, Denton, Texas 76208",BioLife Plasma Services,940-387-7105
30.435833,-97.6703258,TX,US,"14415 Owen Tech Blvd, Austin, Texas 78728",BioLife Plasma Services,512-251-8855
41.083455,-111.978819,UT,US,"781 West Heritage Park Boulevard, Layton, Utah 84401",BioLife Plasma Services,801-825-1700
37.1222073,-113.5249528,UT,US,"816 North 2860 East, St. George, Utah 84790",BioLife Plasma Services,435-627-9102
38.4248125,-78.84773109999999,VA,US,"269 Lucy Drive, Harrisonburg, Virginia 22801",BioLife Plasma Services,
48.7905056,-122.5072407,Whatcom County,WA,"905 Darby Drive, Bellingham, Washington 98226",BioLife Plasma Services,360-756-1700
39.2787204,-80.2796511,Harrison County,WV,"110 Emily Drive, Clarksburg, West Virginia 26301",BioLife Plasma Services,304-626-3701
44.2738948,-88.48223899999999,WI,US,"5001 Schroth Lane, Suite A, Appleton, Wisconsin 54913",BioLife Plasma Services,920-830-1871
43.732794,-87.74934520000001,WI,US,"3114 Union Avenue, Sheboygan, Wisconsin 53081",BioLife Plasma Services,920-803-8244 x14
42.6752062,-88.9804999,Rock County,WI,"444 Midland Road, Janesville, Wisconsin 53546",BioLife Plasma Services,608-741-1705
44.4885119,-87.9197289,WI,US,"3275 Finger Road, Green Bay, Wisconsin 54311",BioLife Plasma Services,920-469-2218
44.49921639999999,-89.5126355,WI,US,"3325 Business Park Drive, Stevens Point, Wisconsin 54482",BioLife Plasma Services,715-343-9630 x16
43.8754162,-91.199079,WI,US,"1278 Rudy St, Onalaska, Wisconsin 54650",BioLife Plasma Services,608-779-4844
44.7694584,-91.4275392,WI,US,"4710 Commonwealth Avenue, Eau Claire, Wisconsin 54701",BioLife Plasma Services,715-836-9496
44.0187831,-88.5920818,Winnebago County,WI,"101 Lake Pointe Drive, Oshkosh, Wisconsin 54904",BioLife Plasma Services,920-231-9584 x14
43.7903017,-88.48135,WI,US,"923 Security Drive, Fond du Lac, Wisconsin 54935",BioLife Plasma Services,920-906-9250
44.2451602,-88.3470411,Outagamie County,WI,"N161 Eisenhwer Drive, Appleton, Wisconsin 54915",BioLife Plasma Services,920-733-1979
41.1588772,-104.7914312,WY,US,"2009 Bluegrass Circle, Cheyenne, Wyoming 82009",BioLife Plasma Services,307- 634-5390
41.3031686,-105.6164198,WY,US,"1122 Adams Street, Laramie, Wyoming 82070",BioLife Plasma Services,307 742-3608
42.8424807,-106.2596613,WY,US,"733 Landmark Dr., Casper, Wyoming 82609",BioLife Plasma Services,307-232-9212
44.5260501,-88.0953425,WI,US,"900 Isbell Street, Green Bay, WI 54303",BioLife Plasma Services,920-498-3394
42.4584429,-92.3246331,IA,US,"2535 Crossroads Boulevard, Waterloo, IA 50702",BioLife Plasma Services,319-232-2423
41.96057709999999,-91.7149665,Linn County,IA,"1855 Edgewood Road SW, Cedar Rapids, IA 52404",BioLife Plasma Services,319-390-3263
43.6423591,-116.3535443,ID,US,"4120 North Eagle Road, Boise, Idaho 83713",BioLife Plasma Services,208-938-5500
45.5464198,-94.2302133,Stearns County,MN,"351 10 Avenue South, Waite Park, Minnesota 56387",BioLife Plasma Services,320-253-5900
38.9242431,-104.72117,El Paso County,CO,"6310 Source Center Point Road, Colorado Springs, Colorado 80923",BioLife Plasma Services,719.598.0170
33.7239997,-84.7301686,Douglas County,GA,"3026 Chapel Hill Road, Douglasville, Georgia 30135",BioLife Plasma Services,770-942-3500
42.8839951,-85.7830326,Ottawa County,MI,"6331 Kenowa Avenue SW, Grandville, Michigan 49418",BioLife Plasma Services,616-667-0264
46.8492917,-96.88673159999999,Cass County,ND,"801 E Beaton Drive, West Fargo, North Dakota 58078",BioLife Plasma Services,701-277-1177
40.4592321,-105.0795795,Larimer County,CO,"251 W 65th Street, Loveland, Colorado 80538",BioLife Plasma Services,970-663-5600
37.1198887,-113.6241269,UT,US,"671 N Dixie Drive, St. George, Utah 84770",BioLife Plasma Services,435-656-0055
32.614393,-83.70158599999999,Houston County,GA,"4035 Watson Boulevard, Warner Robins, Georgia 31093",BioLife Plasma Services,478-971-0720
41.7021957,-93.5871297,Polk County,IA,"725 SE Oralabor Road, Ankeny, Iowa 50021",BioLife Plasma Services,515-964-2288
37.180766,-93.3595627,Greene County,MO,"1815 McClurry Street, Springfield, Missouri 65807",BioLife Plasma Services,417-877-1201
43.6131149,-116.5933394,Canyon County,ID,"16558 N Midland Blvd, Nampa, Idaho 83687",BioLife Plasma Services,208-463-1331
33.8056885,-84.04241449999999,Gwinnett County,GA,"3440 Centerville Hwy, Snellville, Georgia 30039",BioLife Plasma Services,770-972-2680
44.927811,-89.65175099999999,Marathon County,WI,"3201 Rib Mountain Drive, Wausau, Wisconsin 54401",BioLife Plasma Services,715-848-0022
40.3895974,-111.8207592,Utah County,UT,"632 N 900 W, American Fork, Utah 84003",BioLife Plasma Services,801-763-0050
45.127957,-93.4954437,Hennepin County,MN,"9515 Garland Lane N, Maple Grove, Minnesota 55311",BioLife Plasma Services,763-416-5511
40.5061573,-111.9758635,Salt Lake County,UT,"13503 S Hamilton View Rd, Riverton, Utah 84065",BioLife Plasma Services,801.253.6700
40.1514142,-105.0926851,Boulder County,CO,"478 S Martin Street, Longmont, Colorado 80501",BioLife Plasma Services,720-494-4144
47.05886599999999,-122.757791,Thurston County,WA,"8530 Martin Way E, Lacey, Washington 98516",BioLife Plasma Services,360-455-3301
39.6324048,-86.08331,Johnson County,IN,"1138 N Emerson Avenue, Greenwood, Indiana 46163",BioLife Plasma Services,317-883-3839
41.563089,-93.7948584,IA,US,"6380 Village View Dr, West Des Moines, Iowa 50266",BioLife Plasma Services,515-440-3334
46.2746681,-119.1864662,WA,US,"7430 Wrigley Drive, Pasco, Washington 99301",BioLife Plasma Services,509.545.3008
38.7925897,-90.6932448,St Charles County,MO,"8484 Mexico Road, St. Peters, Missouri 63376",BioLife Plasma Services,636.272.2776
32.5191494,-97.3494376,Johnson County,TX,"1511 SW Wilshire Blvd, Burleson, Texas 76028",BioLife Plasma Services,817.426.4097
47.0755311,15.4531757,Graz,Steiermark,"Elisabethstrasse 41, 8010 Graz, Austria",BioLife Plasmazentrum Graz,43.316.339331
47.0673533,15.4315999,Graz,Steiermark,"Euroa Platz 20, 8020 Graz, Austria",BioLife Plasmazentrum Graz,43.316.339331
47.25978730000001,11.3756477,Innsbruck,Tirol,"Mitterweg 16, 6020 Innsbruck, 6020 Austria",BioLife Plasmazentrum Innsbruck,43.512.274332
48.3097839,14.2996072,Linz,Oberösterreich,"Gruberstrasse 23, Linz, 4020 Austria",BioLife Plasmazentrum Linz,732-790-013
47.8078247,13.047257,Salzburg,Salzburg,"Paracelsusstrasse 6, 5020 Salzburg, 5020 Austria",BioLife Plasmazentrum Salzburg,43.662.877652
48.1564823,14.022016,Wels,Oberösterreich,"Pollheimerstrasse 15, 4600 Wels, 4600 Austria",BioLife Plasmazentrum Wels,43.7242.436.36
48.1999333,16.3524874,Wien,Wien,"Kirchengasse 3, 1070 Wien Vienna, 1070 Austria",BioLife Plasmazentrum Wien,43.1.52109
47.8241074,16.2488506,Wiener Neustadt,Niederösterreich,"Pottendorferstraße 15-23, Wiener Neustadt, 2700 Austria",BioLife Plasmazentrum Wiener Neustadt,43.2622.2577
29.6749133,-82.3380707,Alachua County,FL,"2315 NW 13th Street, Gainesville, Florida 32609",Biotest Plasma,352-378-9431
26.0258366,-80.22572670000001,Broward County,FL,"6837 Taft Street Hollywood, Florida 33024",Biotest Plasma,954-987-6240
26.6085317,-81.82421599999999,Lee County,FL,"4391 Colonial Boulevard, Suite106, Ft. Myers, Florida 33966",Biotest Plasma,239-332-0500
33.4226307,-82.0181491,Richmond County,GA,"2704 Peach Orchard Road, Augusta, Georgia 30906",Biotest Plasma,706-798-3061
33.9590512,-83.379398,GA,US,"233 West Hancock Avenue, Athens, Georgia 30601",Biotest Plasma,706-354-3898
41.6558368,-91.5299033,IA,US,"408 S. Gilbert Street, Iowa City, Iowa 52240",Biotest Plasma,319-341-8000
40.8111311,-96.69651789999999,NE,US,"300 South 17th Street, Lincoln, Nebraska 68508",Biotest Plasma,402-474-2335
35.6553698,-105.9899102,Santa Fe County,NM,"2860 Cerrillos Road, Suite B1, Santa Fe, New Mexico 87507",Biotest Plasma,505-424-6250
34.7682149,-77.38640699999999,NC,US,"1213 Country Club Road, Jacksonville, North Carolina 28546",Biotest Plasma,910-353-4888
41.101226,-80.7745928,Mahoning County,OH,"6000 Mahoning Avenue #410, Youngstown, Ohio 44515",Biotest Plasma,330-743-1317
41.46326,-75.6401791,Lackawanna County,PA,"1027 Commerce Boulevard, Dickson City, Pennsylvania 18519",Biotest Plasma,570-383-5341
29.51951,-98.50081879999999,Bexar County,TX,"618 NW Loop 410, Suite 101, San Antonio, Texas 78216",Biotest Plasma,210-224-1749
28.5817754,-81.19106769999999,Orange County,FL,"2501 Discovery Drive, Suite 400, Orlando, Florida 32826",Biotest Plasma,407-207-1932
28.1483701,-80.67344849999999,Brevard County,FL,"3110 Lake Washington Road, Melbourne, Florida 32934",Biotest Plasma,321-255-7466
26.6999888,-80.2018901,FL,US,"100 Business Park Way, Royal Palm Beach, Florida 33411",Biotest Plasma,561-791-9122
30.8338609,-83.2801178,GA,US,"311 N Patterson Street, Valdosta, Georgia 31601",Biotest Plasma,229-337-8558
34.7486188,-77.46024779999999,Onslow County,NC,"113 Yopp Road, Jacksonville, North Carolina 28540",Biotest Plasma,910-463-2603
35.0694637,-92.4580953,Faulkner County,AR,"2235 Dave Ward Drive, Suite #205, Conway, Arkansas 72034",Biotest Plasma,501-499-8698
44.2984157,-96.7695767,SD,US,"718 22nd Avenue S, Brookings, South Dakota, 57006",Biotest Plasma,605-691-6214
34.6883258,-82.8104501,SC,US,"500 Old Greenville Highway Clemson, South Carolina 29631",Biotest Plasma,(864) 633-5023
42.7893537,-96.9401597,SD,US,"1012 Princeton Street, Vermillion, South Dakota 57069",Biotest Plasma,605.277.1434
40.7340075,-99.08275990000001,Kearney,Buffalo County,"5915 1st Avenue, Kearney, Nebraska 68847",Biotest Plasma,308.624.2634
30.0809043,-94.1434994,TX,US,"85 North 23rd Street, Beaumont, Texas 77707",Blood & Plasma Research Inc.,409-835-7268
36.988926,-86.46185299999999,Warren County,KY,"410 Old Morgantown Road, Bowling Green, Kentucky 42101",Bowling Green Biologicals Inc.,270-793-0425
46.7700419,-92.1197445,MN,US,"1720 West Superior Street, Duluth, Minnesota 55806",BPL Plasma (Duluth Bio),218-722-8912
32.3024232,-106.7775003,NM,US,"805 South Main Street, Las Cruces, New Mexico 88001",BPL Plasma (Las Cruces Biologicals),575-524-2262
36.118353,-97.0691547,OK,US,"315 South Washington Street, Stillwater, Oklahoma 74074",BPL Plasma (Stillwater Plasma),405-743-3012
30.6326965,-96.32740249999999,Brazos County,TX,"700 University Drive East Suite 111, College Station, Texas 77840",BPL Plasma (Westgate Biologicals),979-268-6050
35.0794151,-106.6218083,NM,US,"122 Yale Boulevard SE, Albuquerque, New Mexico 87106",BPL Plasma Inc. (Yale Blood),505-266-5729
35.1882398,-111.6628586,AZ,US,"1250 South Plaza Way Suite C, Flagstaff, Arizona 86001","BPL Plasma, Inc.",928-773-1334
34.5049039,-93.04966809999999,Garland County,AR,"630 Malvern Avenue, Hot Springs, Arkansas 71901","BPL Plasma, Inc.",501-321-2640
35.8278883,-90.67678579999999,AR,US,"2309A E. Nettleton, Jonesboro, Arkansas 72401","BPL Plasma, Inc.",870.934.9435
34.7410374,-92.2757735,Pulaski County,AR,"824 Spring Street, Little Rock, Arkansas 72201","BPL Plasma, Inc.",501-374-6371
33.4606617,-94.0330266,Miller County,AR,"903 Arkansas Boulevard, Texarkana, Arkansas 71854","BPL Plasma, Inc.",870-774-2200
30.2690623,-81.73810329999999,Duval County,FL,"3744 Blanding Blvd, Jacksonville, Florida 32210","BPL Plasma, Inc.",904-771-6256
29.6532414,-82.331276,FL,US,"150 NW 6th Street, Gainesville, Florida 32601","BPL Plasma, Inc.",352-378-9204
28.5680444,-81.21113090000001,FL,US,"11601 East Colonial Drive, Orlando, Florida 32817","BPL Plasma, Inc.",321-235-9100
28.0551853,-82.3958686,FL,US,"5252 East Fowler Avenue, Temple Terrace, Florida 33617","BPL Plasma, Inc.",813-849-9100
30.4393045,-81.6900021,FL,US,"2631 Dunn Avenue, Jacksonville, Florida 32118","BPL Plasma, Inc.",904-652-0586
37.7267711,-89.21898000000002,Jackson County,IL,"301 West Main Street, Carbondale, Illinois 62901","BPL Plasma, Inc.",618-529-3241
35.5111754,-108.739214,NM,US,"1706 South 2nd Street, Gallup, New Mexico 87301","BPL Plasma, Inc.",505-722-7218
36.7277135,-108.2173177,NM,US,"753 West Broadway, Farmington, New Mexico 87401","BPL Plasma, Inc.",505-325-9408
35.6038704,-77.34225599999999,NC,US,"2727 East 10th Street, Greenville, North Carolina 27858","BPL Plasma, Inc.",252-757-0171
34.2380055,-77.8769686,New Hanover County,NC,"5060 New Centre Drive #72, Wilmington, North Carolina 28404","BPL Plasma, Inc.",910-632-2863
30.3227384,-97.7142717,TX,US,"5789 Airport Boulevard, Austin, Texas 78752","BPL Plasma, Inc.",512-380-9226
30.6220963,-96.3535477,TX,US,"4223 Welborn Road, Bryan, Texas 77801","BPL Plasma, Inc.",979-846-8855
29.8667464,-97.9431201,TX,US,"1400 IH 35 South, San Marcos, Texas 78666","BPL Plasma, Inc.",512-392-7570
33.9042718,-98.5088597,Wichita County,TX,"1908 Ninth Street Ste D, Wichita Falls, Texas 76301","BPL Plasma, Inc.",940-763-0300
33.585249,-101.8695342,TX,US,"2415-A Main Street, Lubbock, Texas 79401","BPL Plasma, Inc.",806-747-2854
31.4209667,-100.4728645,Tom Green County,TX,"2575 Sunset Drive, San Angelo, Texas 76904","BPL Plasma, Inc.",325-944-9170
33.5629574,-101.8637338,TX,US,"2217 34th Street, Lubbock, Texas 79411","BPL Plasma, Inc.",806-747-6202
30.135475,-94.1685701,TX,US,"7180 Eastex Freeway, Beaumont, Texas 77708","BPL Plasma, Inc.",409-291-7753
33.6418721,-112.0322671,AZ,US,"2320 E Bell Road, Suite 101, Phoenix, Arizona 85022","BPL Plasma, Inc.",602-347-6580
27.9354551,-82.7308925,FL,US,"17900 US 19 North, Clearwater, Florida 33764","BPL Plasma, Inc.",727-252-0312
30.1721863,-97.82278009999999,Travis County,TX,"1807 W Slaughter Lane, Bldg 4, Austin, Texas 78748","BPL Plasma, Inc.",512-865-4200
39.7398808,-105.0667924,CO,US,"6300 W. Colfax Ave., Lakewood, Colorado 80214","BPL Plasma, Inc.",720.458.6655
44.0996815,-70.2162195,Androscoggin County,ME,"239 Main Street, Lewiston, Maine 04240","BPL Plasma, Inc. (Portland Biologicals)",207-783-3230
52.1450505,-106.6627259,Division No. 11,SK,"1222 #300 Quebec Avenue, Saskatoon, Saskatchewan S7K 1V2, Canada",Canadian Plasma Resources,306-500-7490
46.09999910000001,-64.7718165,Westmorland County,NB,"370 #4 Elmwood Drive, Moncton NB, Canada E1A-8R5",Canadian Plasma Resources,506.801.9809
48.755538,16.8890588,Břeclav,Jihomoravský kraj,"J Palacha 2613/36, 69002 Breclav, Czech Republic",Caraplasma (Biotest AG),
50.0818225,14.4226661,Hlavní město Praha,Hlavní město Praha,"Jungmannova 745/246, 11000 Prague, Czech Republic",Caraplasma (Biotest AG),
33.408294,-111.916456,AZ,US,"1334 E. Broadway Suite 102, Tempe, Arizona 85282",CSL Plasma,480-968-6139
33.4079125,-111.9238838,Maricopa County,AZ,"1000 East Broadway, Tempe, Arizona 85282",CSL Plasma,480-894-1330
32.2201548,-110.9652399,AZ,US,"135 South Fourth Avenue, Tucson, Arizona 85701",CSL Plasma,520-623-6493
32.1660011,-110.9156636,Pima County,AZ,"4775 S Butterfield Drive, Ste 175-195, Tucson, Arizona 85714",CSL Plasma,520-790-0025
39.7260859,-104.8445955,CO,US,"690 Peoria Street, Unit M, Aurora, Colorado 80011",CSL Plasma,303-363-0095
40.5749632,-105.0987521,CO,US,"1228 West Elizabeth Ste. D-3, Ft. Collins, Colorado 80521",CSL Plasma,970-484-2248
40.3794156,-104.6973694,CO,US,"3505 11th Avenue, Evans, Colorado 80620",CSL Plasma,970-330-3558
30.4703027,-87.22653050000001,Escambia County,FL,"5007 North Davis Highway Unit 4, Pensacola, Florida 32503",CSL Plasma,850-494-1500
27.2764021,-80.29124019999999,St Lucie County,FL,"10366 S. US Highway 1, Port St. Lucie, Florida 34952",CSL Plasma,772-337-3292
26.1624053,-80.14725609999999,FL,US,"2825 N Andrews Avenue, Wilton Manors, Florida 33311",CSL Plasma,954-561-6337
41.9101969,-87.8823018,IL,US,"1977 N Mannheim Road, Melrose Park, Illinois 60160",CSL Plasma,708-343-8845
41.4814052,-90.5833863,IL,US,"2904 11th Street, Rock Island, Illinois 61201",CSL Plasma,309-786-4183
39.8514951,-88.9549645,Macon County,IL,"1021 North Water Street, Decatur, Illinois 62523",CSL Plasma,217-428-9245
39.7709575,-86.0724341,IN,US,"5550 E Washington Street, Indianapolis, Indiana 46219",CSL Plasma,317-352-9157
37.9786611,-87.5288442,Vanderburgh County,IN,"2000 Center Drive, Evansville, Indiana 47711",CSL Plasma,812-473-7014
40.42237799999999,-86.89841799999999,IN,US,"400 Brown Street, West Lafayette, Indiana 47906",CSL Plasma,765-743-9665
41.5253865,-90.5753917,Scott County,IA,"531 N. Main Street, Davenport, Iowa 52801",CSL Plasma,563-823-9063
38.9416264,-95.2456344,Douglas County,KS,"816 West 24th Street Ste B, Lawrence, Kansas 66046",CSL Plasma,785-749-5750
39.1890146,-96.60941799999999,KS,US,"1130 Gardenway, Manhattan, Kansas 66502",CSL Plasma,785-776-9177
37.6933176,-97.32035929999999,KS,US,"1515 E. Central Avenue, Wichita, Kansas 67214",CSL Plasma,316-264-6973
38.2559175,-85.773994,Jefferson County,KY,"1407 W. Jefferson Street, Louisville, Kentucky 40203",CSL Plasma,502-584-1121
38.0492464,-84.5406071,KY,US,"1840 Oxford Circle, Lexington, Kentucky 40504",CSL Plasma,859-254-8047
38.0423503,-84.4732099,Fayette County,KY,"817 Winchester Road Suite 140, Lexington, Kentucky 40505",CSL Plasma,859-233-9296
42.4602997,-83.1839079,Oakland County,MI,"13770 Nine Mile Road, Oak Park, Michigan 48237",CSL Plasma,248-584-4402
42.6840727,-84.545971,MI,US,"5015 S Cedar Street Suite 150, Lansing, Michigan 48910",CSL Plasma,517-394-0016
42.48944119999999,-82.9392517,Macomb County,MI,"26280 Gratiot Avenue, Roseville, Michigan 48066",CSL Plasma,586-774-8026
42.4541732,-83.20165469999999,MI,US,"21921 Greenfield Road, Southfield, Michigan 48075",CSL Plasma,248-552-1191
44.948609,-93.2724889,Hennepin County,MN,"304 E Lake Street, Minneapolis, Minnesota 55408",CSL Plasma,612-278-0399
46.78553,-92.099504,MN,US,"106 West Superior Street, Duluth, Minnesota 55802",CSL Plasma,218-727-8139
39.0598451,-94.5902148,Jackson County,MO,"3715 Broadway, Kansas City, Missouri 64111",CSL Plasma,816-561-6224
39.105453,-94.5108057,MO,US,"6000 Independence Avenue, Kansas City, Missouri 64125",CSL Plasma,816-241-2749
37.1861561,-93.2614076,Greene County,MO,"1536 S. Glenstone, Springfield, Missouri 65804",CSL Plasma,417-866-7632
41.2871034,-96.05382469999999,Douglas County,NE,"3060 North 90th Street, Omaha, Nebraska 68135",CSL Plasma,402-571-3662
35.0761138,-106.5857256,Bernalillo County,NM,"204 San Mateo Blvd SE, Albuquerque, New Mexico 87108",CSL Plasma,505-243-4449
35.20672,-80.7530096,NC,US,"5500 Central Avenue, Charlotte, North Carolina 28212",CSL Plasma,704-535-1765
35.9960161,-78.8713841,NC,US,"1100 North Miami Blvd Suite 613, Durham, North Carolina 27703",CSL Plasma,919-530-1388
40.016394,-83.01167269999999,OH,US,"2650 N. High Street, Columbus, Ohio 43202",CSL Plasma,614-267-4982
41.467077,-81.7004669,OH,US,"3204 W. 25th Street, Cleveland, Ohio 44109",CSL Plasma,216-398-0440
41.06320669999999,-81.51748429999999,Summit County,OH,"727 Grant Street, Akron, Ohio 44311",CSL Plasma,330-535-4338
39.3621197,-84.54378419999999,Butler County,OH,"3255 Dixie Highway, Hamilton, Ohio 45015",CSL Plasma,513-892-3156
39.7723592,-84.196246,OH,US,"850 N Main Street, Dayton, Ohio 45405",CSL Plasma,937-331-9186
39.925094,-83.80236,OH,US,"435 East Columbia Street, Springfield, Ohio 45502",CSL Plasma,937-325-4200
35.2048199,-97.421019,Cleveland County,OK,"1327 East Lindsey Street, Norman, Oklahoma 73071",CSL Plasma,405-447-9977
35.4930146,-97.524682,Oklahoma County,OK,"716 NW 23rd Street, Oklahoma City, Oklahoma 73103",CSL Plasma,405-521-9204
34.6204197,-98.4234812,OK,US,"1216 NW Sheridan Road, Lawton, Oklahoma 73505",CSL Plasma,580-248-4851
36.1604641,-95.9189476,OK,US,"5030 E. Admiral Place, Tulsa, Oklahoma 74115",CSL Plasma,918-838-2656
36.1468413,-95.9909005,OK,US,"824 S. Cheyenne, Tulsa, Oklahoma 74119",CSL Plasma,918-582-4346
45.5269887,-122.4952017,OR,US,"16225 NE Glisan, Gresham, Oregon 97230",CSL Plasma,503-251-8822
30.59982549999999,-96.3044161,TX,US,"2704 Texas Avenue, College Station, Texas 77840",CSL Plasma,979.764.1770
33.987757,-81.02953289999999,Richland County,SC,"215 Assembly Street, Columbia, South Carolina 29201",CSL Plasma,803-254-2280
32.858496,-79.98523050000001,SC,US,"3725 Rivers Avenue Ste 7, Charleston, South Carolina 29405",CSL Plasma,843-554-3381
35.0569149,-85.28011049999999,Hamilton County,TN,"1501 Riverside Dr. Suite 110, Chattanooga, Tennessee 37406",CSL Plasma,423-624-5555
34.9862686,-85.2868268,TN,US,"2809 E 50th Street, Chattanooga, Tennessee 37407",CSL Plasma,423-826-4040
35.9622636,-83.93398409999999,Knox County,TN,"1616 Grand Avenue, Knoxville, Tennessee 37916",CSL Plasma,865-637-4052
35.1063597,-89.9318529,Shelby County,TN,"3923 Park Avenue, Memphis, Tennessee 38111",CSL Plasma,901-452-7558
36.2553007,-86.71700880000002,Davidson County,TN,"820 Madison Square, Madison, Tennessee 37115",CSL Plasma,615-865-1246
25.9014222,-97.49625809999999,TX,US,"653 E 13th Street, Brownsville, Texas 78520",CSL Plasma,956-574-9200
32.7398546,-97.0168321,Dallas County,TX,"550 S. Carrier Pkwy, Suite 280, Grand Prairie, Texas 75051",CSL Plasma,972-263-3374
32.7348684,-96.6501957,Dallas County,TX,"10121 Lake June Road, # 503, Dallas, Texas 75217",CSL Plasma,972-329-0186
32.6849588,-97.3220803,Tarrant County,TX,"4200 South Freeway Ste 1946, Ft. Worth, Texas 76115",CSL Plasma,817-207-8554
27.7389929,-97.42637020000001,TX,US,"4977-A Ayers Street, Corpus Christi, Texas 78415",CSL Plasma,361-883-5106
32.4517919,-99.76115949999999,TX,US,"3202-C North First Street, Abilene, Texas 79603",CSL Plasma,325-673-7121
40.70699,-111.8891835,UT,US,"2978 South State Street, South Salt Lake City, Utah 84115",CSL Plasma,801-485-5085
47.6774455,-117.4262426,WA,US,"2126 N Monroe Street, Spokane, Washington 99205",CSL Plasma,509-340-6406
47.6576145,-117.2754109,WA,US,"9621 East Sprague Ave., Spokane, Washington 99206",CSL Plasma,509-926-1881
42.7169678,-87.8387484,Racine County,WI,"4901 Washington Avenue, Racine, Wisconsin 53406",CSL Plasma,262-721-0148
42.50114,-89.0377929,Rock County,WI,"144 West Grand Avenue, Beloit, Wisconsin 53511",CSL Plasma,608-362-2966
52.0230697,8.5331037,Detmold,NRW,"Niederwall 1-3, Bielefeld, 33603 Germany",CSL Plasma,49.521.967270
51.53644389999999,9.9341458,GÖ,NDS,"WenderStrasse 75, Gottingen, 37073 Germany",CSL Plasma,49-551-495060
52.5078162,13.3996386,Berlin,Berlin,"Axel-Springer Strasse 42, Berlin, 10969 Germany",CSL Plasma,49.302.537470
52.26327,10.52167,BS,NDS,"Burgpassage 7, 38100 Braunschweig, 38100 Germany",CSL Plasma,49.531.243560
53.0805714,8.8167907,Bremen,HB,"An der Weide 27-29, 28195 Bremen, 28195 Germany",CSL Plasma,49.421.173640
54.3096719,10.1258695,KI,SH,"Sophienblatt 98-100, 24114 Kiel, 24114 Germany",CSL Plasma,49.431.661690
49.450202,11.0778966,Mittelfranken,BY,"Pfannenschmiedsgasse 5, 90402 Nurnberg, 90402 Germany",CSL Plasma,49.911.22911
31.5267695,-97.16662070000001,TX,US,"300 N Valley Mills, Ste B, Waco, Texas 76710",CSL Plasma,254-741-6683
36.1009483,-115.1004392,Clark County,NV,"3430 E Tropicana Avenue, Ste 68, Las Vegas, Nevada 89121",CSL Plasma,702-458-3962
32.8138298,-96.63332729999999,Dallas County,TX,"3600 Gus Thomason Road, Ste 135, Mesquite, Texas 75150",CSL Plasma,972-755-5324
25.9001912,-97.4955289,TX,US,"1401 E. Washington Street, Suite B, Brownsville, Texas 78520",CSL Plasma,956-982-0445
41.0367528,-85.13582219999999,Allen County,IN,"108 East Pettit Avenue, Fort Wayne, Indiana 46806",CSL Plasma,260-454-5083
29.7462324,-94.9790003,Harris County,TX,"1911 Garth Road, Baytown, Texas 77520",CSL Plasma,281-422-0783
32.7161763,-96.80506989999999,Dallas County,TX,"2627 South Lancaster Road, Dallas, Texas 75216",CSL Plasma,214-372-9901
29.5681369,-98.3839751,TX,US,"14004 Nacogdoches Road, San Antonio, Texas, 78247",CSL Plasma,210-320-3582
34.85270089999999,-82.4485639,Greenville County,SC,"3221 W Blue Ridge Drive, Greenville, South Carolina 29611",CSL Plasma,864-962-4273
45.6193125,-122.5505178,Clark County,WA,"11803 SE Mill Plain Blvd, Ste 101, Vancouver, Washington 98683",CSL Plasma,360-597-2691
33.751499,-84.26717939999999,GA,US,"1283 Columbia Drive, Decatur, Georgia 30032",CSL Plasma,404-424-8503
38.7696748,-90.2640675,St Louis County,MO,"10970 New Halls Ferry Road, St. Louis, Missouri 63136",CSL Plasma,314-255-1705
42.2457715,-83.1945932,MI,US,"2625 Dix Highway, Lincoln Park, Michigan 48858",CSL Plasma,313.305.1218
47.321079,-122.3044715,King County,WA,"2200 S 314th Street, Federal Way, Washington 98003",CSL Plasma,
31.338253,-110.937977,Santa Cruz County,AZ,"350 N Grand Court Plaza, Nogales, Arizona 85621",CSL Plasma,520-394-7238
32.3865002,-86.2093265,Montgomery County,AL,"3536 Eastdale Circle, Montgomery, Alabama 36117",CSL Plasma,334-539-3256
33.5766426,-84.3753151,GA,US,"6525 Tara Boulevard, Suite B, Jonesboro, Georgia 30236",CSL Plasma,678-487-1035
33.8050158,-84.191586,Dekalb County,GA,"937 N Hairston Road, Suite 1, Stone Mountain, Georgia 30083",CSL Plasma,770-783-2475
27.9419866,-82.3373002,FL,US,"10061 E Adamo Drive, Tampa, Florida 33619",CSL Plasma,813-749-4072
42.6446062,-83.3261851,Oakland County,MI,"482 N Telegraph Road, Pontiac, Michigan 48341",CSL Plasma,248-724-3319
32.3353908,-111.0455342,Pima County,AZ,"3757 W Ina Road, Ste 100/120, Tucson, Arizona 85741",CSL Plasma,520-394-7246
25.9382249,-97.49587749999999,TX,US,"1601 East Price Road, Brownsville, Texas 78521",CSL Plasma,956-545-0152
47.3702114,-122.2041706,King County,WA,"25818 102nd Place, Kent, Washington 98030",CSL Plasma,206-204-5089
36.0161241,-79.8056849,Guilford County,NC,"2920 Randleman Road, Suite B, Greensboro, North Carolina 27406",CSL Plasma,336-261-0251
32.3254812,-86.23865029999999,Montgomery County,AL,"4049 Eastern Boulevard, Montgomery, Alabama 36116",CSL Plasma,334-819-5450
26.7863652,-80.054186,Palm Beach County,FL,"80 E 30th Street, Riviera Beach, Florida 33404",CSL Plasma,561-807-6016
33.877504,-84.5306561,GA,US,"3201 South Cobb Drive, Suite A, Smyrna, Georgia 30080",CSL Plasma,770-504-5101
30.4195316,-89.09325679999999,MS,US,"9245 Highway 49, Gulfport, Mississippi 39503",CSL Plasma,228-236-3305
41.5582308,-87.69594529999999,Cook County,IL,"18232 South Kedzie Avenue, Hazel Crest, Illinois 60429",CSL Plasma,708-793-5167
44.83972,-93.30959,MN,US,"9056 Penn Avenue, Bloomington, Minnesota 55431",CSL Plasma,952-392-4541
45.5090558,-122.9624706,OR,US,"2055 S.E. Tualatin Valley Hwy, Suite 5, Hillsboro, Oregon 97123",CSL Plasma,503-547-0638
34.9616227,-81.0069496,York County,SC,"1807 Cherry Road, Suite 129, Rock Hill, South Carolina 29732",CSL Plasma,803-227-0785
38.523421,-90.3628715,St Louis County,MO,"165 Concord Plaza Shopping Center, St Louis, Missouri 63128",CSL Plasma,314-675-3163
36.0262579,-114.9645449,Clark County,NV,"862 South Boulder Highway, Henderson, Nevada 89015",CSL Plasma,702-942-1763
35.8312445,-86.375074,Rutherford County,TN,"1628 S Middle Tennessee Boulevard, Murfreesboro, Tennessee 37130",CSL Plasma,615-869-0023
33.362659,-111.7880068,Maricopa County,AZ,"711 N Gilbert Road, Gilbert, Arizona 85234",CSL Plasma,602-218-5097
39.8139805,-105.1298243,Jefferson County,CO,"11651 W 64th Avenue, Suite B1, Arvada, Colorado 80004",CSL Plasma,303-425-9959
42.2241981,-85.5922837,MI,US,"325 Mall Drive, Portage, Michigan 49024",CSL Plasma,269.775.0302
36.1336607,-80.24108480000001,NC,US,"3419 N Patterson Avenue, Winston-Salem, North Carolina 27105",CSL Plasma,336-837-4038
39.1728664,-76.6306214,Anne Arundel County,MD,"7385-L Baltimore Annapolis Boulevard, Glen Burnie, Maryland 21061",CSL Plasma,410-999-6421
35.1462351,-106.6423475,Bernalillo County,NM,"6211 4th Street NW, Suite 15, Albuquerque, New Mexico 87107",CSL Plasma,505-359-2262
39.9118013,-104.9775721,CO,US,"11874 Washington Street, Northglenn, Colorado 80233",CSL Plasma,303-515-7621
26.2470432,-80.2012882,Broward County,FL,"1406 North State Road 7, Margate, Florida 33063",CSL Plasma,954-874-0634
27.8400439,-82.7014107,Pinellas County,FL,"7490 49th Street North, Pinellas Park, Florida 33781",CSL Plasma,727-245-1802
42.4081962,-83.09637479999999,Wayne County,MI,"14088 Woodward Avenue, Highland Park, Michigan 48203",CSL Plasma,313-346-1204
29.7697482,-95.2296487,TX,US,"11430 E Freeway, Suite 350, Houston, Texas 77029",CSL Plasma,713-807-7555
33.5813556,-112.2695831,AZ,US,"9770 W Peoria Avenue, Peoria, Arizona 85345",CSL Plasma,623-383-2111
39.9717033,-76.6785297,PA,US,"2430 Eastern Boulevard, York, Pennsylvania 17402",CSL Plasma,717-767-2348
28.4874391,-81.4064343,Orange County,FL,"2075 Americana Blvd, Ste 400, Orlando, Florida 32839",CSL Plasma,407-209-3332
42.9013712,-87.86438,Milwaukee County,WI,"2983 S Chicago Avenue, South Milwaukee, Wisconsin 53172",CSL Plasma,414-751-1223
40.0829376,-82.94893789999999,OH,US,"2617 Northland Plaza Drive, Columbus, Ohio 43231",CSL Plasma,614-568-2205
39.8406777,-86.1178489,Marion County,IN,"2750 East 46th Street, Indianapolis IN 46205",CSL Plasma,317-622-5058
32.3062602,-90.22795239999999,MS,US,"959 Ellis Avenue Unit 32G, Jackson, Mississippi 39209",CSL Plasma,601.533.0948
40.0376517,-75.11887569999999,Philadelphia County,PA,"101 E Olney Ave Suite 10, Philadelphia Pennsylvania 19120",CSL Plasma,215-554-6846
40.0888967,-74.96623439999999,PA,US,"107 Franklin Mills Blvd Suite 107, Philadelphia, Pennsylvania 19154",CSL Plasma,215-991-0213
26.097666,-98.26777899999999,TX,US,"1121 South Bridge Street, Hidalgo, Texas 78557",CSL Plasma,956-225-0143
39.0785481,-108.5343507,Mesa County,CO,"2650 North Avenue, Grand Junction, Colorado 81501",CSL Plasma,970-233-7947
29.8966162,-90.1424716,Jefferson Parish,LA,"1050 Westbank Expressway, Westwego, Louisiana 70094",CSL Plasma,504-704-1374
28.0414785,-81.9900397,Polk County,FL,"2041 George Jenkins Blvd, Lakeland, Florida 33815",CSL Plasma,863-937-0263
28.9217524,-81.2993175,FL,US,"2404 S. Volusia, Orange City, Florida 32763",CSL Plasma,386-917-1808
29.3826938,-98.460062,Bexar County,TX,"3524 S New Braunfels Ave, San Antonio, Texas 78223",CSL Plasma,830-460-6067
42.9776375,-83.7745186,MI,US,"5038 Miller Road, Flint, Michigan 48858",CSL Plasma,810-244-0281
29.7023587,-95.6445323,Harris County,TX,"6862 Highway 6 South, Ste 124, Houston, Texas 77083",CSL Plasma,832-476-9400
39.36792579999999,-76.5660311,Baltimore,MD,"2317 E Northern Parkway, Baltimore, Maryland 21214",CSL Plasma,410-235-1568
41.3987947,-82.1057019,Lorain County,OH,"255 Midway Boulevard, Elyria, Ohio 44035",CSL Plasma,440-374-5027
41.13636,-81.35730029999999,Portage County,OH,"1600 S Water Street, Kent, Ohio 44240",CSL Plasma,330-552-5050
41.39127269999999,-81.7584546,OH,US,"6339 Olde York Road, Parma Heights, Ohio 44130",CSL Plasma,440-471-0460
40.2352377,-76.96835659999999,Cumberland County,PA,"4880 Carlisle Pike, Mechanicsburg, Pennsylvania 17050",CSL Plasma,717.620.5155
32.4909121,-114.785388,Yuma County,AZ,"722 N. San Luis Plaza Dr, San Luis, Arizona 85349",CSL Plasma,928.504.1114
43.439017,-84.00672,Saginaw County,MI,"4596 State Street, Saginaw, Michigan 48603",CSL Plasma,989-921-3301
45.0357801,-93.3803564,MN,US,"4400 N Winnetka Avenue, New Hope, Minnesota 55428",CSL Plasma,763-259-1862
42.6147742,-83.0295421,MI,US,"43552 Van Dyke Avenue, Sterling Heights, Michigan 48314",CSL Plasma,586-933-1513
39.6807983,-86.12991919999999,Marion County,IN,"5905 Madison Ave Ste E, Indianapolis, Indiana 46227",CSL Plasma,317-808-5998
36.1169865,-115.2623413,NV,US,"3975 S. Buffalo Drive, Las Vegas, Nevada 89147",CSL Plasma,702.462.8777
43.0262853,-82.4574588,St Clair County,MI,"4025 24th Avenue, Fort Gratiot, Michigan 448059",CSL Plasma,810-216-7136
39.0953101,-84.6081322,OH,US,"4970 Delhi AVenue, Cincinnati, Ohio 45238",CSL Plasma,513-347-0763
39.2477166,-76.64130329999999,Lansdowne,MD,"3456 Annapolis Road, Halethorpe, Maryland 21227",CSL Plasma,410-561-3585
29.9381068,-93.9383572,Jefferson County,TX,"4997 Twin City Hwy Suite 130, Port Arthur, Texas 77642",CSL Plasma,409-300-3201
33.987757,-81.02953289999999,Richland County,SC,"215 Assembly Street, Columbia, South Carolina 29201",CSL Plasma,803-254-2280
34.9763301,-81.93225389999999,SC,US,"630 Chesnee Hwy Ste 3, Spartanburg, South Carolina 29303",CSL Plasma,864-529-3919
41.7253446,-83.5661372,Lucas County,OH,"6014 Lewis Avenue, Toledo, Ohio 43612",CSL Plasma,561-912-3068
26.1524682,-97.9574884,TX,US,"701 S. International, Weslaco, Texas 78596",CSL Plasma,956.225.0290
26.1653921,-97.67914449999999,TX,US,"603 N. Ed Carey Dr, Harlingen, Texas 78550",CSL Plasma,956.226.0032
32.5752094,-85.4970395,Lee County,AL,"1655 S College St. Ste C, Auburn, Alabama 36832",CSL Plasma,334-539.3333
33.9655158,-84.03570069999999,Gwinnett County,GA,"2150 Riverside Parkway, Lawrenceville, Georgia 30043",CSL Plasma,678.229.1665
42.913282,-85.6985909,Kent County,MI,"1290 28th St SW, Wyoming, Michigan 49509",CSL Plasma,616.885.9998
39.2865727,-81.55190689999999,Wood County,WV,"140 Park Shopping Center, Parkersburg, West Virginia, 26101",CSL Plasma,304.707.3014
44.954793,-93.1246725,MN,US,"572 University Ave West, St. Paul, Minnesota 55103",CSL Plasma,651-780-7225
31.7729727,-106.3377332,El Paso County,TX,"2200 N. Yarbrough Dr. Ste K, El Paso, Texas 79925",CSL Plasma,915.201.2908
32.8033274,-97.2658239,TX,US,"3141 Denton Hwy, Haltom City, Texas 76117",CSL Plasma,817.204.0291
39.222808,-84.58601809999999,OH,US,"8348 Colerain Avenue, Cincinnati, Ohio 45239",CSL Plasma,513.725.4175
40.1831214,-85.3820621,Delaware County,IN,"1321 S Madison Avenue, Muncie, Indiana 47302",CSL Plasma,765.273.4130
42.2668498,-89.0366438,Winnebago County,IL,"3800 East State Street, Rockford, Illinois 61108",CSL Plasma,779.207.4419
33.6818024,-84.4230931,GA,US,"1043 Cleveland Ave, East Point, Georgia 30344,",CSL Plasma,404.902.5749
34.2783498,-83.8519942,Hall County,GA,"2293 Browns Bridge Rd, Gainesville, Georgia 30501",CSL Plasma,678.207.4844
31.3389603,-109.5605746,Cochise County,AZ,"101 E 5th Street, Douglas, Arizona 85607",CSL Plasma,520.645.1045
29.4786728,-98.5417612,TX,US,"3655 Fredericksburg Road, #107, San Antonio, Texas 78201",CSL Plasma (Fredericksburg),210-736-2824
29.4184341,-98.65685339999999,TX,US,"8725 Marbach Road, # 275, San Antonio, Texas 78227",CSL Plasma (Lackland),210-675-4521
47.53336969999999,21.630937,Csapó u.,Debrecen,"Csapo utca 42, 4029 Debrecen, Hungary",CSL Plasma - Debrecen,
50.11522069999999,8.6824438,DA,HE,"Stiftstrasse 9-17, 60313 Frankfurt am Main, Germany",CSL Plasma - Frankfurt,
48.1026232,20.7855125,Széchenyi István út,Miskolc,"Széchenyi István út 35, 3525 Miskolc, Hungary",CSL Plasma - Miskolc,
47.95815229999999,21.7180478,Nagy Imre tér,Nyíregyháza,"Nagy Imre tér 1, Bldg A 4th floor, 4400 Nyíregyháza, Hungary",CSL Plasma - Nyíregyháza,
50.0320692,14.4909962,Hlavní město Praha,Hlavní město Praha,"Roztylska 2321/19, Prague, 14800 Czech Republic",EUROPLASMA s.r.o.,+42 272075555
50.10902,14.585354,Hlavní město Praha,Hlavní město Praha,"Chlumecka 756/6, Prague, 19819 Czech Republic",EUROPLASMA s.r.o. Spendezentrum CernyMost,+42.272.075.555
48.1402285,16.9224138,Bruck an der Leitha,Niederösterreich,"Landstrasse 155-157, Hainburg, 2410 Austria",EUROPLASMA Spendezentrum Hainburg,432-216-5520
47.3818937,15.0954583,Leoben,Steiermark,"Hauptplatz 19, Top 125, Leoben, 8700 Austria",EUROPLASMA Spendezentrum Leoben,433-842-4440
48.75590889999999,15.9516493,Hollabrunn,Niederösterreich,"Kremser Strasse 5, Retz, 2070 Austria",EUROPLASMA Spendezentrum Retz,432-942-2033
47.0122052,15.4128355,Graz-Umgebung,Steiermark,"Shopping City Seiersberg 1, Seiersberg, 8055 Austria",EUROPLASMA Spendezentrum Seiersberg,433-162-9333
48.2017688,15.6255607,St. Pölten,Niederösterreich,"Schulring 21, St. Polten, 3100 Austria",EUROPLASMA Spendezentrum St. Polten,432-742-9033
48.2689294,16.4009604,Wien,Wien,"Ignaz Koeckstrasse 10, Tech 21, Wien Vienna, 1210 Austria",EUROPLASMA Spendezentrum Wien 21,431-908-1100
48.2250973,16.3602046,Wien,Wien,"Alserbachstrasse 18, Wien Vienna, 1090 Austria",EUROPLASMA Spendezentrum Wien 9,431-319-5363
34.1356937,-117.2911635,CA,US,"371 W Highland Avenue, San Bernardino, California 92404","GCAM Plasma, Inc.",909-883-9501
29.4997973,-98.62451279999999,TX,US,"7018 Bandera Road, Leon Valley, Texas 78238","GCAM Plasma, Inc.",210.680.0562
27.5026493,-99.5040154,TX,US,"815 Grant Street, Laredo, Texas 78040","GCAM Plasma, Inc.",956-729-7677
28.70664429999999,-100.5047858,Maverick County,TX,"220 E Rio Grande Street, Eagle Pass, Texas 78852","GCAM Plasma, Inc.",830-752-6286
42.585413,-114.4632955,ID,US,"771 N College Road, Twin Falls, Idaho 83301","GCAM Plasma, Inc.",280-733-5177
46.7294734,-117.179688,Whitman County,WA,"320 E Main Street, Pullman, Washington 99163","GCAM Plasma, Inc.",509-715-1133
29.35663589999999,-98.47901619999999,TX,US,"1131 SE Military Drive, San Antonio, Texas 78214","GCAM Plasma, Inc.",210-928-9031
33.5115716,-86.8187603,AL,US,"1129 4th Avenue North, Birmingham, Alabama 35203",Grifols Biomat USA,205-583-4744
30.6193623,-88.1576889,AL,US,"3460 Demetropolis Road, Mobile, Alabama 36693",Grifols Biomat USA,251-666-3155
33.5105282,-86.80080939999999,AL,US,"2101 3rd Avenue South, Birmingham, Alabama 35233",Grifols Biomat USA,205-322-2400
33.4938002,-112.1003132,Maricopa County,AZ,"4020 North 19th Avenue, Phoenix, Arizona 85015",Grifols Biomat USA,602-266-1616
33.40478,-111.8740458,Maricopa County,AZ,"535 South Dobson Road, Mesa, Arizona 85202",Grifols Biomat USA,480-833-1598
33.509887,-112.172684,AZ,US,"5242 W. Camelback Road, Glendale, Arizona 85301",Grifols Biomat USA,602-272-3224
35.3717179,-94.39445429999999,Sebastian County,AR,"3400 Rogers Avenue, #114, Ft. Smith, Arkansas 72903",Grifols Biomat USA,479-782-0197
34.1944765,-118.5529048,CA,US,"19255 Vanowen Street, Reseda, California 91335",Grifols Biomat USA,818-201-3800
32.7692327,-117.0436871,CA,US,"7150 El Cajon Boulevard, San Diego, California 92115",Grifols Biomat USA,619-521-5850
33.808657,-117.858606,Orange County,CA,"612 B West Katella Avenue, Orange, California 92867",Grifols Biomat USA,714-639-2323
35.3907382,-118.9969346,CA,US,"246 Bernard Street, Bakersfield, California 93305",Grifols Biomat USA,661-863-0621
34.1943454,-118.5180531,CA,US,"17641 Vanowen Street, Van Nuys, California 91406",Grifols Biomat USA,818-344-0204
35.3186834,-119.0384918,CA,US,"4030 Wible Road, Bakersfield, California 93309",Grifols Biomat USA,661-833-2380
39.7242018,-104.8200173,CO,US,"501 Sable Boulevard, Aurora, Colorado 80011",Grifols Biomat USA,303-367-9660
39.7398123,-105.0958389,CO,US,"8800 W. Colfax Avenue, Lakewood, Colorado 80215",Grifols Biomat USA,303-620-4655
38.8257117,-104.7592351,CO,US,"3776 Airport Road, Colorado Springs, Colorado 80910",Grifols Biomat USA,719-380-6991
30.4500168,-84.31409169999999,Leon County,FL,"1950 West Tennessee Street, Tallahassee, Florida 32304",Grifols Biomat USA,850-222-0195
28.6529009,-81.38690179999999,Seminole County,FL,"380 S. Northlake Blvd, Suite 1024, Altamonte Springs, Florida 32701",Grifols Biomat USA,407-628-4248
32.8503648,-83.6262952,Bibb County,GA,"630 North Avenue, Macon, Georgia 31211",Grifols Biomat USA,478-745-7626
31.9969757,-81.1245577,GA,US,"8805 White Bluff Road, Suite G,H, J, Savannah, Georgia 31406",Grifols Biomat USA,912-927-4005
33.4695152,-82.05540069999999,GA,US,"3160 Wrightsboro Road, Augusta, Georgia 30909",Grifols Biomat USA,706-733-9158
42.8651886,-112.4452401,ID,US,"425 E. Center, Pocatello, Idaho 83201",Grifols Biomat USA,208-233-3888
43.5891199,-116.2318001,Ada County,ID,"4017 Overland Road, Boise, Idaho 83705",Grifols Biomat USA,208-338-8417
43.825715,-111.7821677,ID,US,"48 E. Main Street, Rexburg, Idaho 83440",Grifols Biomat USA,208-359-1800
41.7366228,-87.7049457,Cook County,IL,"3280 West 87th Street, Chicago, Illinois 60652",Grifols Biomat USA,708-459-9888
41.6731,-86.27783060000002,IN,US,"1901 Western Avenue, South Bend, Indiana 46619",Grifols Biomat USA,574-234-6010
39.4787495,-87.4007195,Vigo County,IN,"1132 Locust Street, Terre Haute, Indiana 47807",Grifols Biomat USA,812-645-0016
39.77446560000001,-86.1619023,IN,US,"502 North Capitol, Indianapolis, Indiana 46204",Grifols Biomat USA,317-637-3294
39.8225914,-86.01058719999999,IN,US,"3620 North Post Road, Indianapolis, Indiana 46226",Grifols Biomat USA,317-890-8997
41.6016692,-93.6253819,IA,US,"1223 6th Avenue, Des Moines, Iowa 50314",Grifols Biomat USA,515-244-0771
41.262379,-95.85250309999999,IA,US,"617 Mynster Street, Council Bluffs, Iowa 51503",Grifols Biomat USA,712-352-1218
39.05887209999999,-95.7013171,KS,US,"2120 Southwest 6th Street, Topeka, Kansas 66606",Grifols Biomat USA,785-233-0079
30.5019943,-91.1317152,East Baton Rouge Parish,LA,"5906 Airline Highway, Suite 101, Baton Rouge, Louisiana 70805",Grifols Biomat USA,225-354-0965
39.4185185,-77.4413158,MD,US,"1037C West Patrick Street, Frederick, Maryland 21702",Grifols Biomat USA,301-360-2400
42.29489540000001,-85.58197969999999,Kalamazoo County,MI,"167 E. Kalamazoo Avenue, Kalamazoo, Michigan 49007",Grifols Biomat USA,269-381-0086
42.4453898,-83.32708559999999,Oakland County,MI,"28400 Grand River Avenue, Farmington Hills, Michigan 48336",Grifols Biomat USA,248-957-2227
40.8127813,-96.6925095,NE,US,"2002 N Street, Lincoln, Nebraska 68510",Grifols Biomat USA,402-438-4466
36.1759019,-115.1370832,Clark County,NV,"611 North Las Vegas Boulevard, Las Vegas, Nevada 89101",Grifols Biomat USA,702-385-5172
39.532744,-119.811273,NV,US,"270 E. Sixth Street, Reno, Nevada 89501",Grifols Biomat USA,775-329-9421
39.1888633,-84.4617665,OH,US,"1828 Seymour Avenue, Cincinnati, Ohio 45237",Grifols Biomat USA,513-618-7999
41.4819318,-81.603282,OH,US,"2840 East 116th Street, Cleveland, Ohio 44120",Grifols Biomat USA,216-258-0249
39.9566362,-82.89594,OH,US,"3840 East Main Street, Whitehall, Ohio 43213",Grifols Biomat USA,614-231-5322
35.4635237,-97.4106765,OK,US,"6700 East Reno Avenue, Midwest City, Oklahoma 73110",Grifols Biomat USA,405-737-2447
45.4905193,-122.5806327,OR,US,"8033 SE Holgate Blvd, Portland, Oregon 97206",Grifols Biomat USA,503-777-5320
40.3446553,-75.9243968,PA,US,"630 Greenwich Street, Suite 3, Reading, Pennsylvania 19601",Grifols Biomat USA,610-685-5060
36.3126924,-82.3511651,Washington County,TN,"812 Buffalo Street, Johnson City, Tennessee 37604",Grifols Biomat USA,423-926-8174
36.5409719,-82.5223465,TN,US,"1728 N Eastman Rd Ste 1B, Kingsport, Tennessee 37664",Grifols Biomat USA,423-246-6035
36.5726523,-87.4083933,Montgomery County,TN,"1596 Ft. Campbell Blvd, Suite C, Clarksville, Tennessee 37042",Grifols Biomat USA,931-647-5555
36.1565448,-86.7950449,TN,US,"1620 Church Street, Nashville, Tennessee 37203",Grifols Biomat USA,615-327-0218
32.8336597,-96.67116279999999,Dallas County,TX,"2580 Gus Thomasson Road, Dallas, Texas 75228",Grifols Biomat USA,214-321-6777
32.7203672,-97.1135639,Tarrant County,TX,"1519 S. Cooper St., Arlington, Texas 76010",Grifols Biomat USA,817-461-4764
32.7315628,-97.40708649999999,Tarrant County,TX,"5629 West Rosedale Street, Ft. Worth, Texas 76107",Grifols Biomat USA,817-570-9212
29.8275144,-95.4310534,Harris County,TX,"1223 West 43rd Street, Houston, Texas 77018",Grifols Biomat USA,713-688-3288
29.6549831,-95.52943119999999,Harris County,TX,"8747 West Bellfort, Houston, Texas 77031",Grifols Biomat USA,713-484-6899
29.6695255,-95.2602003,Harris County,TX,"8537 Gulf Freeway, Houston, Texas 77017",Grifols Biomat USA,713-943-8828
29.87024349999999,-95.4038446,Harris County,TX,"330 West Little York Road, Houston, Texas 77076",Grifols Biomat USA,281.999.7970
27.5052458,-99.5107338,TX,US,"1502 Hidalgo Street, Laredo, Texas 78040",Grifols Biomat USA,956-796-0222
29.4304196,-98.4942813,Bexar County,TX,"500 N Flores Avenue, San Antonio, Texas 78205",Grifols Biomat USA,210-210-7304
26.2072241,-98.2287271,TX,US,"400 N 10th Street, McAllen, Texas 78501",Grifols Biomat USA,956-686-0042
32.6047671,-96.7851606,Dallas County,TX,"1441 W. Pleasant Run Road, Lancaster, Texas 75146",Grifols Biomat USA,972-275-0570
41.108595,-112.019934,Davis County,UT,"375 S. State Street #H, Clearfield, Utah 84015",Grifols Biomat USA,801-825-1999
40.7516313,-111.8896959,UT,US,"38 E 800 South, Salt Lake City, Utah 84111",Grifols Biomat USA,801-363-7697
40.7717461,-111.9089435,Salt Lake County,UT,"630 West North Temple, Salt Lake City, Utah 84116",Grifols Biomat USA,801-531-1279
40.6690281,-111.9538492,Salt Lake County,UT,"2520 W. 4700 South, Bldg. A, Taylorsville, Utah 84129",Grifols Biomat USA,801-965-9160
41.2081543,-111.9489887,UT,US,"3073 Harrison Boulevard, Ogden, Utah 84403",Grifols Biomat USA,801-392-2296
40.2744359,-111.6866512,Utah County,UT,"349 E. University Parkway, Orem, Utah 84058",Grifols Biomat USA,801-235-9800
41.75085,-111.8350134,UT,US,"1045-1/2 N. Main Street, Suite A, Logan, Utah 84341",Grifols Biomat USA,435-753-7802
36.6027165,-82.194814,Bristol,VA,"1315 Euclid Avenue Ste D-20, Bristol, Virginia 24201",Grifols Biomat USA,276-645-6035
37.0423127,-76.3507293,Hampton,VA,"15 West Mercury Boulevard, Suite C, Hampton, Virginia 23666",Grifols Biomat USA,757.726-0501
36.5838471,-79.3950136,Danville,VA,"202 Boatwright Avenue, Danville, Virginia 24541",Grifols Biomat USA,434-791-0326
36.8361736,-76.3136593,VA,US,"1221 London Boulevard, Portsmouth, Virginia 23704",Grifols Biomat USA,757-393-1200
47.68591809999999,-122.3763521,WA,US,"7726 15th N.W., Seattle, Washington 98117",Grifols Biomat USA,206-782-6675
47.9209396,-122.228136,Snohomish County,WA,"8413 Evergreen Way, Everett, Washington 98208",Grifols Biomat USA,425-267-9800
47.2069582,-122.5035513,Pierce County,WA,"5001 S 56th Street, Suite J-O, Tacoma, Washington 98409",Grifols Biomat USA,253-473-7021
46.2100455,-119.1805137,Benton County,WA,"101 North Union Ste 108, Kennewick, Washington 99336",Grifols Biomat USA,509-737-9000
43.0435326,-87.94581079999999,WI,US,"2522 West State Street, Milwaukee, Wisconsin 53233",Grifols Biomat USA,414-344-2100
40.2405371,-111.643994,Utah County,UT,"501 N 900 East, Provo, Utah 84606",Grifols Biomat USA,801-375-2279
33.8867336,-118.142967,CA,US,"16227 Lakewood Blvd, Bellflower, California 90706",Grifols Biomat USA,562-602-2004
41.6524818,-83.6201682,OH,US,"3217 Dorr Street, Ste B, Toledo, Ohio 43607",Grifols Biomat USA,419-531-3332
39.8260742,-105.0076193,CO,US,"7141 Pecos Street, Denver, Colorado 80221",Grifols Biomat USA,303-427-4059
40.4507509,-80.0247105,PA,US,"1330 Western Avenue, Pittsburgh, Pennsylvania 15322",Grifols Biomat USA,412-322-1909
26.3027615,-98.18779029999999,Hidalgo County,TX,"209 South Jackson Road, Edinburg, Texas 78539",Grifols Biomat USA,956-287-0365
31.3076083,-89.3138,MS,US,"1000 Broadway Drive, Suite 42, Hattiesburg, Mississippi 39401",Grifols Biomat USA,601-620-0908
36.2157499,-115.093767,Clark County,NV,"3250 N Las Vegas Blvd, N Las Vegas, Nevada 89115",Grifols Biomat USA,702-632-0810
42.0889879,-80.13385319999999,PA,US,"2717 West 26th Street, Erie, Pennsylvania 16506",Grifols Biomat USA,814-835-6826
31.2279543,-85.4299406,Houston County,AL,"2721 West Main Street, Dothan, Alabama 36301",Grifols Biomat USA,334-651-8000
27.5309305,-99.4712072,Webb County,TX,"2310 East Saunders Street, Suite 108, Laredo, Texas 78041",Grifols Biomat USA,956-791-0127
41.1037724,-80.6564303,OH,US,"444 Martin Luther King Boulevard, Youngstown, Ohio 44502",Grifols Biomat USA,330-746-8879
41.1648628,-112.0276095,UT,US,"1951 West 5400 South, Roy, Utah 84067",Grifols Biomat USA,801-825-0111
37.1330334,-76.5341493,Newport News,VA,"451 Ariana Road, Newport News, Virginia 23608",Grifols Biomat USA,757-989-5209
40.5813587,-111.871357,UT,US,"727 E 9400 S, Sandy, Utah 84094",Grifols Biomat USA,801-566-2534
37.6573317,-113.0843103,Iron County,UT,"1188 Sage Drive, Cedar City, Utah 84720",Grifols Biomat USA,435-867-8554
40.4717862,-79.818888,PA,US,"12224 Frankstown Road, Pittsburgh, Pennsylvania 15235",Grifols Biomat USA,412-793-0150
44.22940759999999,-88.4324374,Winnebago County,WI,"905 Midway Road, Menasha, Wisconsin 54952",Grifols Biomat USA,920-729-0732
32.9506446,-96.8888805,Dallas County,TX,"1235 S. Josey Lane Suite 520, Carrolton, Texas 75006",Grifols Biomat USA,972-336-1816
37.528393,-77.359809,Henrico County,VA,"4350 S. Laburnum Avenue, Richmond, Virginia 23231",Grifols Biomat USA,804-643-6789
28.4723707,-81.41099899999999,Orange County,FL,"2364 W Oak Ridge Rd, Orlando, Florida 32807",Grifols Biomat USA,407-816-8378
36.0912739,-86.734172,TN,US,"3748 Nolensville Pike, Nashville, Tennessee 37211",Grifols Biomat USA,615-327-0218
41.4848449,-87.33678139999999,IN,US,"7320 Broadway, Merrillville, Indiana 46410",Grifols Biomat USA,219.769.7705
28.8127277,-96.9905462,TX,US,"1309 E. Red River Street, Victoria, Texas 77901",Grifols Biomat USA,361.576.9519
39.5429525,-119.7352604,Washoe County,NV,"652 E Prater Way, Sparks, Nevada 89431",Grifols Biomat USA,775.351.1505
33.1813074,-87.5511353,Tuscaloosa County,AL,"3201 10th Ave Ste E, Tuscaloosa, Alabama 35401","Grifols Talecris Plasma Resources, Inc.",205-752-1547
34.7550208,-86.6378845,AL,US,"2420 Jordan Lane Suite L, Huntsville, Alabama 35816","Grifols Talecris Plasma Resources, Inc.",256-217-0345
32.4735339,-85.03187179999999,Russell County,AL,"1407 280 Bypass, Phenix City, Alabama 36867","Grifols Talecris Plasma Resources, Inc.",334-297-5711
32.693658,-114.6238364,Yuma County,AZ,"1881 S 4th Avenue Suite E, Yuma, Arizona 85364","Grifols Talecris Plasma Resources, Inc.",928-782-2101
33.5536743,-112.1677053,Maricopa County,AZ,"5048 W. Northern Ave. Ste 101, Glendale, Arizona 85302","Grifols Talecris Plasma Resources, Inc.",623-939-0441
34.7173321,-92.3447413,AR,US,"6227 Colonel Glenn Road, Little Rock, Arkansas 72204","Grifols Talecris Plasma Resources, Inc.",501-565-6275
39.7138252,-105.0541889,Jefferson County,CO,"145 S Sheridan Ste 200/202, Lakewood, Colorado 80226","Grifols Talecris Plasma Resources, Inc.",303-238-0363
38.8334672,-104.7843488,El Paso County,CO,"2502 East Pikes Peak Ave Ste 180, Colorado Springs, Colorado 80909","Grifols Talecris Plasma Resources, Inc.",719-635-5926
38.24264,-104.6476334,CO,US,"1501 Moore Avenue, Pueblo, Colorado 81005","Grifols Talecris Plasma Resources, Inc.",719-544-3009
30.3547929,-81.4147199,FL,US,"2444 Mayport Road, Jacksonville, Florida 32233","Grifols Talecris Plasma Resources, Inc.",904-241-6376
30.3911896,-87.2671958,FL,US,"3810 W. Barracas Avenue, Pensacola, Florida 32507","Grifols Talecris Plasma Resources, Inc.",850-456-0975
31.5765814,-84.18229219999999,GA,US,"1308 W Broad Avenue, Albany, Georgia 31707","Grifols Talecris Plasma Resources, Inc.",229-430-7389
32.4061487,-84.9350075,GA,US,"4335 Victory Drive, Columbus, Georgia 31903","Grifols Talecris Plasma Resources, Inc.",706-687-1071
42.3146062,-89.07605889999999,Winnebago County,IL,"1052 West Riverside Blvd Ste 302, Rockford, Illinois 61103","Grifols Talecris Plasma Resources, Inc.",815-633-7125
40.7106617,-89.6030157,IL,US,"1902 North Sheridan Road, Peoria, Illinois 61604","Grifols Talecris Plasma Resources, Inc.",309-686-0173
40.4800034,-88.99813739999999,IL,US,"511 West Washington Street, Bloomington, Illinois 61701","Grifols Talecris Plasma Resources, Inc.",309-827-3031
40.1147289,-88.2768895,Champaign County,IL,"241 S Mattis Avenue, Champaign, Illinois 61821","Grifols Talecris Plasma Resources, Inc.",217-355-9703
42.3695585,-87.8662222,IL,US,"2609 Grand Avenue, Waukegan, Illinois 60085","Grifols Talecris Plasma Resources, Inc.",847-599-9600
40.079431,-85.65335900000001,IN,US,"3533 South Scatterfield Road, Anderson, Indiana 46013","Grifols Talecris Plasma Resources, Inc.",765-649-3900
39.8291017,-86.27215939999999,IN,US,"6340 Gateway Drive Suite 2, Indianapolis, Indiana 46254","Grifols Talecris Plasma Resources, Inc.",317-293-3100
38.17512,-85.712654,KY,US,"5037 Preston Highway, Louisville, Kentucky 40213","Grifols Talecris Plasma Resources, Inc.",502-968-9264
30.2224485,-92.0163383,LA,US,"325 E. Main Street, Lafayette, Louisiana 70501","Grifols Talecris Plasma Resources, Inc.",337-233-6602
30.2247919,-93.1795495,Calcasieu Parish,LA,"1001 Gerstner Memorial Hwy 14, Lake Charles, Louisiana 70601","Grifols Talecris Plasma Resources, Inc.",337-491-9476
32.4852208,-93.710155,Caddo Parish,LA,"1020 Shreveport Barksdale Hwy, Ste 160, Shreveport, Louisiana 71105","Grifols Talecris Plasma Resources, Inc.",318-861-1466
32.5238004,-92.0785472,LA,US,"3511-A Desiard Street, Monroe, Louisiana 71209","Grifols Talecris Plasma Resources, Inc.",318-345-0051
43.061463,-83.753716,Genesee County,MI,"4027 North Jennings Road, Flint, Michigan 48504","Grifols Talecris Plasma Resources, Inc.",810-787-3982
43.3978084,-83.9130651,Saginaw County,MI,"3740 Dixie Highway, Saginaw, Michigan 48601","Grifols Talecris Plasma Resources, Inc.",989-746-9447
42.6950466,-84.56529309999999,MI,US,"921 W Holmes Road, Ste 300, Lansing, Michigan 48910","Grifols Talecris Plasma Resources, Inc.",517-272-9044
44.8948761,-93.0810623,Dakota County,MN,"1695 South Robert Street, West St. Paul, Minnesota 55118","Grifols Talecris Plasma Resources, Inc.",651-455-6111
44.949338,-93.0196823,MN,US,"1910 Suburban Avenue, St. Paul, Minnesota 55119","Grifols Talecris Plasma Resources, Inc.",651-501-0800
45.0876328,-93.2644613,Anoka County,MN,"6582 University Avenue, NE, Fridley, Minnesota 55432","Grifols Talecris Plasma Resources, Inc.",763-571-9166
46.8506282,-96.7662319,MN,US,"800 Holiday Drive Ste 140, Moorhead, Minnesota 56560","Grifols Talecris Plasma Resources, Inc.",218-287-2700
36.194804,-115.1158673,Clark County,NV,"1912 Civic Center Drive, North Las Vegas, Nevada 89030","Grifols Talecris Plasma Resources, Inc.",702 642-4037
35.7974943,-78.5793554,NC,US,"3615 New Bern Avenue, Raleigh, North Carolina 27610","Grifols Talecris Plasma Resources, Inc.",919-231-2744
35.2214873,-80.8248464,NC,US,"731 Central Avenue, Charlotte, North Carolina 28204","Grifols Talecris Plasma Resources, Inc.",704-372-1644
35.2398991,-80.88925689999999,NC,US,"3017 Freedom Drive, Charlotte, North Carolina 28208","Grifols Talecris Plasma Resources, Inc.",704-392-6500
35.0539896,-78.86909419999999,NC,US,"446 Grove Street, Fayetteville, North Carolina 28301","Grifols Talecris Plasma Resources, Inc.",910-323-4154
39.9583704,-83.0919285,OH,US,"3469 Great Western Blvd, Columbus, Ohio 43204","Grifols Talecris Plasma Resources, Inc.",614-308-7974
40.8304408,-81.3800897,Stark County,OH,"824 30th Street NW, Canton, Ohio 44709","Grifols Talecris Plasma Resources, Inc.",330-430-1434
39.79878799999999,-84.252112,Montgomery County,OH,"3909 Salem Avenue, Dayton, Ohio 45506","Grifols Talecris Plasma Resources, Inc.",937-275-5996
35.395021,-97.530969,Oklahoma County,OK,"7103 South Western Avenue, Oklahoma City, Oklahoma 73139","Grifols Talecris Plasma Resources, Inc.",405-634-0220
45.51981019999999,-122.5593293,OR,US,"10115 S.E. Stark Street, Portland, Oregon 97216","Grifols Talecris Plasma Resources, Inc.",503-252-5308
44.9509974,-123.0338218,Marion County,OR,"351 Belmont Street NE, Salem, Oregon 97301","Grifols Talecris Plasma Resources, Inc.",503-364-8946
44.0513081,-123.121808,Lane County,OR,"1901 West 8th Ave., Eugene, Oregon 97402","Grifols Talecris Plasma Resources, Inc.",541-683-9430
40.2926715,-76.8915012,Dauphin County,PA,"2933 North 7th Street, Harrisburg, Pennsylvania 17110","Grifols Talecris Plasma Resources, Inc.",717-232-1501
43.5597753,-96.73193959999999,Minnehaha County,SD,"1025 N. Minnesota Avenue, Sioux Falls, South Dakota 57104","Grifols Talecris Plasma Resources, Inc.",605-271-6090
32.6515315,-96.87769929999999,TX,US,"8057 West Virginia Drive, Dallas, Texas 75237","Grifols Talecris Plasma Resources, Inc.",972-572-0344
35.1960585,-101.8921189,Potter County,TX,"1709 South Avondale Street, Amarillo, Texas 79106","Grifols Talecris Plasma Resources, Inc.",806-355-7373
32.7879513,-97.38522429999999,Tarrant County,TX,"2520 Jacksboro Hwy, Ft. Worth, Texas 76114","Grifols Talecris Plasma Resources, Inc.",817-625-4500
31.1116918,-97.7448654,TX,US,"908 South Ft. Hood Street, Killeen, Texas 76541","Grifols Talecris Plasma Resources, Inc.",254-200-1121
29.4021194,-98.529564,Bexar County,TX,"2118 S Zarzamora Blvd #448, San Antonio, Texas 78207","Grifols Talecris Plasma Resources, Inc.",210-212-6226
27.7487348,-97.418401,Nueces County,TX,"4244 Ayers Street, Corpus Christi, Texas 78415","Grifols Talecris Plasma Resources, Inc.",361-855-0310
26.2001431,-98.2403353,Hidalgo County,TX,"500 S Bicentennial Avenue Ste 200, McAllen, Texas 78501","Grifols Talecris Plasma Resources, Inc.",956-683-1656
29.3565343,-100.8989127,Val Verde County,TX,"829 South Main Street, Del Rio, Texas 78840","Grifols Talecris Plasma Resources, Inc.",830-775-1663
28.70356799999999,-100.5043904,Maverick County,TX,"350 South Adams Street, Eagle Pass, Texas 78852","Grifols Talecris Plasma Resources, Inc.",830-757-3010
31.7617714,-106.4821388,TX,US,"720 Texas Avenue, El Paso, Texas 79901","Grifols Talecris Plasma Resources, Inc.",915-532-5322
31.7738499,-106.4515977,TX,US,"3515 Alameda Drive, El Paso, Texas 79905","Grifols Talecris Plasma Resources, Inc.",915-351-0920
31.6949554,-106.336713,TX,US,"8802 Alameda Avenue, El Paso, Texas 79907","Grifols Talecris Plasma Resources, Inc.",915-859-6855
31.8581716,-106.4338581,El Paso County,TX,"8500 Dyer Street, Space 25, El Paso, Texas 79904","Grifols Talecris Plasma Resources, Inc.",915-757-2735
40.251416,-111.670433,Utah County,UT,"651 West Columbia Lane, Provo, Utah 84604","Grifols Talecris Plasma Resources, Inc.",801-377-1243
37.2472958,-79.95993059999999,VA,US,"2727 Franklin Road, Roanoke, Virginia 24014","Grifols Talecris Plasma Resources, Inc.",540-344-3247
43.0606765,-87.9458539,WI,US,"2530 West North Avenue, Milwaukee, Wisconsin 53205","Grifols Talecris Plasma Resources, Inc.",414-933-2819
41.1051696,-81.4669105,OH,US,"1558 Brittain Road, Akron, OH, 44310","Grifols Talecris Plasma Resources, Inc.",330-633-6288
35.0879187,-78.9508081,Cumberland County,NC,"4600 Bragg Boulevard, Fayetteville, North Carolina 28303","Grifols Talecris Plasma Resources, Inc.",910-867-9915
35.7228042,-78.65428539999999,NC,US,"1411 Garner Station Blvd, Raleigh, North Carolina 27603","Grifols Talecris Plasma Resources, Inc.",919-779-4749
31.7139532,-106.3241432,El Paso County,TX,"8631 North Loop Drive, El Paso, Texas 79907","Grifols Talecris Plasma Resources, Inc.",915-860-7323
31.8188998,-106.4653423,TX,US,"4710 Alabama Street, El Paso, Texas 79930","Grifols Talecris Plasma Resources, Inc.",915-564-5012
42.99655449999999,-83.65437620000002,MI,US,"2840 S Dort Highway, Flint, Michigan 78507","Grifols Talecris Plasma Resources, Inc.",810-743-2025
31.3096617,-92.4493845,Rapides Parish,LA,"800 Jackson Street, Alexandria, Louisiana 71301","Grifols Talecris Plasma Resources, Inc.",318-484-2026
42.9748099,-83.7124267,MI,US,"G3483 Van Syke Rd, Flint, Michigan 48507","Grifols Talecris Plasma Resources, Inc.",810-237-1041
41.6527023,-83.5580639,OH,US,"625 Dorr Street Toledo, Ohio 43604","GRIFOLS Talecris Plasma Resources, Inc.",419-244-3910
35.4759161,-80.6093066,NC,US,"1331 S Cannon Blvd, Kannapolis, North Carolina 28083","Grifols Talecris Plasma Resources, Inc.",704-933-1300
31.57934,-84.089176,Dougherty County,GA,"2438 Clark Avenue, Albany, Georgia 31705","Grifols Talecris Plasma Resources, Inc.",229-420-8456
42.976447,-82.4534955,St Clair County,MI,"649 24th Street, Port Huron, Michigan 48060","Grifols Talecris Plasma Resources, Inc.",810.985.5834
52.50847,13.3058401,Berlin,Berlin,Wilmersdorfer Straße 54 10627 Berlin Germany,Haema Blutspendezentrum Berlin-Charlottenburg,+49 030-688 383 620
52.53769560000001,13.6059446,Berlin,Berlin,Peter-Weiss-Gasse 1 12627 Berlin Germany,Haema Blutspendezentrum Berlin-Hellersdorf,+49 030-992-550
52.5691506,13.5690429,Berlin,Berlin,Havemannstraße 12b 12689 Berlin Germany,Haema Blutspendezentrum Berlin-Marzahn,+49 030-936 410
52.5288656,13.4560194,Berlin,Berlin,Landsberger Allee 117 10407 Berlin Germany,Haema Blutspendezentrum Berlin-Prenzlauer Berg,+49 30 45 79 97
52.58381,13.2882491,Berlin,Berlin,Berliner Straße 25 13507 Berlin Germany,Haema Blutspendezentrum Berlin-Tegel,+49-030-437-4360
52.5496484,13.3881409,Berlin,Berlin,Badstraße 4a 13357 Berlin Germany,Haema Blutspendezentrum Berlin-Wedding,+49 030-497 689210
50.7334746,7.097727900000001,K,NRW,Poststraße 19 53111 Bonn Germany,Haema Blutspendezentrum Bonn,
52.40570109999999,12.5670032,Brandenburg an der Havel,BB,Kirchhofstraße 1-2 14776 Brandenburg an der Havel Germany,Haema Blutspendezentrum Brandenburg a.d. Havel,+49 3381 396 7630
50.8318336,12.9193381,C,SN,Markt 5 09111 Chemnitz Germany,Haema Blutspendezentrum Chemnitz,
51.5144774,7.471593100000001,Arnsberg,NRW,Ostenhellweg 50-52 44135 Dortmund Germany,Haema Blutspendezentrum Dortmund,
51.0467891,13.7705699,DD,SN,Fetscherplatz 2a 01307 Dresden Germany,Haema Blutspendezentrum Dresden-Fetscherplatz,49.351.2166819
51.04808999999999,13.7237,DD,SN,Rosenstraße 30 01067 Dresden Germany,Haema Blutspendezentrum Dresden-World Trade Center,49.351.40792538
50.9736865,11.0328879,EF,TH,Lachsgasse 3 99084 Erfurt Germany,Haema Blutspendezentrum Erfurt,
51.4577634,7.013021699999999,Düsseldorf,NRW,Kettwiger Straße 64 45127 Essen Germany,Haema Blutspendezentrum Essen,
51.316436,12.394001,Leipzig,SN,"Landsteinerstrasse 1, 04103 Leipzig Germany",Haema Blutspendezentrum Firmen Zentrale,
52.3428682,14.5511439,Frankfurt (Oder),BB,Karl-Marx-Str. 2 15230 Frankfurt (Oder) Germany,Haema Blutspendezentrum Frankfurt (Oder),+49 335.869.11820
50.9117164,13.3449795,C,SN,Bahnhofstraße 40-42 09599 Freiberg Germany,Haema Blutspendezentrum Freiberg,
50.8782948,12.0775109,G,TH,NEU Breitscheidstraße 1-5 07545 Gera Germany,Haema Blutspendezentrum Gera,
51.15170999999999,14.987955,DD,SN,An der Frauenkirche 12 City Center Frauentor 02826 Görlitz Germany,Haema Blutspendezentrum Görlitz,
50.9528907,10.7148775,GTH,TH,Oststraße 51 99867 Gotha Germany,Haema Blutspendezentrum Gotha,
51.23798739999999,12.722138,Leipzig,SN,Käthe-Kollwitz-Straße 6 04668 Grimma Germany,Haema Blutspendezentrum Grimma,
51.4799648,11.9244074,Halle (Saale),SA,City Galerie Neustädter Passage 17 A 06122 Halle (Saale) Germany,Haema Blutspendezentrum Halle (Saale),
51.6805975,7.81312,Arnsberg,NRW,Westring 2 59065 Hamm Germany,Haema Blutspendezentrum Hamm,
50.9276442,11.5820282,J,TH,Goethe Gallerie Goethestraße 3a 07743 Jena Germany,Haema Blutspendezentrum Jena,
51.3119031,12.3736328,Leipzig,SN,Karl-Liebknecht-Straße 153-155 04277 Leipzig Germany,Haema Blutspendezentrum Leipzig-Connewitz,
51.3618371,12.3711376,Leipzig,SN,Lützowstraße 11 04155 Leipzig Germany,Haema Blutspendezentrum Leipzig-Gohlis,49.341.5830950
51.34087299999999,12.374145,Leipzig,SN,Markt 9 04109 Leipzig Germany,Haema Blutspendezentrum Leipzig-Markt,49.341.2120060
53.8653477,10.6857979,Lübeck,SH,Sandstraße 1-15 23552 Lübeck Germany,Haema Blutspendezentrum Lübeck,
48.1491845,11.5587895,Oberbayern,BY,Dachauer Straße 70 80335 München Germany,Haema Blutspendezentrum München,+089 547 265 990
50.494268,12.137141,C,SN,"Klostermarkt, Oberer Steinweg 10 08523 Plauen Germany",Haema Blutspendezentrum Plauen,
52.3711652,13.1341523,P,BB,Nuthestraße 1 14480 Potsdam Germany,Haema Blutspendezentrum Potsdam,+49 331.297.04130
49.0059646,12.1194544,Oberpfalz,BY,Hildegard-von-Bingen-Straße 1 93053 Regensburg Germany,Haema Blutspendezentrum Regensburg,+0941 280 897 0
54.0862,12.1251701,Rostock,MV,"Deutsche-Med Platz 2, 18057 Rostock, Germany",Haema Blutspendezentrum Rostock,
53.63032980000001,11.4150778,SN,MV,"Friedrichstraße 18, 19055 Schwerin, Germany",Haema Blutspendezentrum Schwerin,
50.97718,11.3255,WE,TH,Steubenstraße 15 99423 Weimar Germany,Haema Blutspendezentrum Weimar,
50.7190471,12.4946765,C,SN,Zwickau-Arcaden Marienstraße 3/1 08056 Zwickau Germany,Haema Blutspendezentrum Zwickau,
30.2879599,-81.5029333,FL,US,"11925 Beach Blvd Ste 212, Jacksonville, Florida 32246",Hemarus LLC,561.623.5490
47.470813,19.062054,XI. kerület,Budapest,"Neumann Janos utca 1/E, 1117 Budapest, Hungary",Human BioPlazma -Budapest I [KEDPLASMA Magyarorszag],36.1.209.9243
47.499512,19.054381,V. kerület,Budapest,"Bajcsy-Zsilinszky út 12, 3rd Floor, 1051 Budapest, Hungary",Human BioPlazma -Budapest II [KEDPLASMA Magyarorszag],36.1.328.0438
47.5414997,21.6193857,Füredi út,Debrecen,"Füredi út 27, 4027 Debrecen, Hungary",Human BioPlazma -Debrecen I [KEDPLASMA Magyarorszag],36.52.531.923
47.533693,21.6254577,Péterfia u.,Debrecen,"Peterfia u. 2, M4027 Debrecen, Hungary",Human BioPlazma -Debrecen II [KEDPLASMA Magyarorszag],36.52.887.821
48.1021172,20.7913098,Király u.,Miskolc,"Kiraly u. 2, M-3530 Miskolc, Hungary",Human BioPlazma -Miskolc [KEDPLASMA Magyarorszag],36.46.888.198
46.073991,18.212145,Rókus u.,Pécs,"Rokus u 1, 7624 Pecs, Hungary",Human BioPlazma -Pecs [KEDPLASMA Magyarorszag],36.72.889148
32.8239455,-96.9662749,Dallas County,TX,"1745 W. Irving Blvd, Irving, Texas 75061","ImmunoTek BioCenters, LLC",469-299-7490
32.3664195,-88.6952067,MS,US,"416 18th Avenue, Meridian, Mississippi 39301","ImmunoTek BioCenters, LLC",601.462.5145
26.6170553,-80.1151596,Palm Beach County,FL,"4560 Lake Worth Road, Greenacres, Florida 33463","ImmunoTek BioCenters, LLC",561.270.6712
43.1195878,-89.3266567,Dane County,WI,"3521 Anderson Street, Madison, Wisconsin 53704","Interstate Blood & Plasma, Inc.",608-240-2785
41.2347028,-75.9189224,Luzerne County,PA,"665 Carey Avenue, Wilkes Barre, Pennsylvania 18702",Interstate Blood and Plasma Inc.,570-823-4119
42.619071,-87.83513099999999,Kenosha County,WI,"2053 22nd Avenue, Kenosha, Wisconsin 53140",Interstate Blood and Plasma Inc.,262-654-1366
43.0742125,-89.3919801,WI,US,"319 Gorham Street, Madison, Wisconsin 53703",Interstate Blood and Plasma Inc.,608-256-2110
41.9687028,-87.7119891,Cook County,IL,"3324 West Lawrence Avenue, Chicago, Illinois 60625",Interstate Blood Bank Inc.,773-478-2989
38.6523079,-90.2679603,MO,US,"5121 Delmar Boulevard, St. Louis, Missouri 63108",Interstate Blood Bank Inc.,314-367-5200
43.0234378,-87.9314504,WI,US,"1530 West National Avenue, Milwaukee, Wisconsin 53204",Interstate Blood Bank Inc.,414-643-8222
43.0612761,-87.9394162,Milwaukee County,WI,"2126 West Fond du Lac Avenue, Milwaukee, Wisconsin 53206",Interstate Blood Bank Inc.,414-931-0600
49.473735,10.990102,Mittelfranken,BY,"Hallstr 9, Furth, 90762 Germany",KEDPLASMA GmbH,911-216-5590
49.9522503,11.5696624,Oberfranken,BY,"Spinnereistr. 5 b, Bayreuth, 95445 Germany",KEDPLASMA GmbH,921-404-2020
48.7621317,11.4257213,Oberbayern,BY,"Rathausplatz 11, Ingolstadt, 85049 Germany",KEDPLASMA GmbH,841-934-3020
48.3690115,10.8970714,Schwaben,BY,"Philippine-Welser-Str 8, 86150 Augsburg, Germany",KEDPLASMA GmbH,49.821.217007.10
30.6630346,-88.1325196,Mobile County,AL,"1255 Montlimar Drive, Mobile, Alabama 36609","KEDPLASMA, LLC",251-479-2224
30.7204703,-88.1652946,AL,US,"5301 Moffett Road, Suite 230, Mobile, Alabama 36618","KEDPLASMA, LLC",251-343-9407
30.4773018,-87.19992789999999,Escambia County,FL,"5401 Corporate Woods Drive Ste 500, Pensacola, Florida 32504","KEDPLASMA, LLC",850-476-7999
36.0787873,-80.2435177,NC,US,"250 YWCA Way, Winston-Salem, North Carolina 27127","KEDPLASMA, LLC",336-722-8206
32.4100757,-93.795388,LA,US,"9025 Mansfield Road, Shreveport, Louisiana 71118","KEDPLASMA, LLC",318-703-6060
34.9613265,-81.0052789,York County,SC,"1843 Cherry Road, Rock Hill, South Carolina 29732","KEDPLASMA, LLC",803-526-7300
36.0898563,-79.4321922,NC,US,"505 East Webb Avenue. Burlington, North Carolina 27217","KEDPLASMA, LLC",336-329-5090
28.3080424,-81.4049654,Osceola County,FL,"1820 North Main Street, Kissimmee, Florida 34744","KEDPLASMA, LLC",321-337-0500
29.1997641,-82.10000529999999,Marion County,FL,"2730 NE 14th Street, Ocala, Florida 34470","KEDPLASMA, LLC",352-877-4000
35.61191,-77.392732,NC,US,"505 S Memorial Dr, Greenville, North Carolina 27834","KEDPLASMA, LLC",252-214-6647
33.7084064,-78.89567,Horry County,SC,"1890 Joe White Avenue, Myrtle Beach, South Carolina 29577","KEDPLASMA, LLC",843-353-3706
35.273008,-81.148702,Gaston County,NC,"588 North New Hope Road, Gastonia, North Carolina 28054","KEDPLASMA, LLC",704-691-3287
27.3683209,-82.50484139999999,Sarasota County,FL,"3900 N Lockwood Ridge Rd, Sarasota, Florida 34234","KEDPLASMA, LLC",941-210-5588
32.4744189,-94.74335719999999,TX,US,"1501 South High Street, Longview, Texas 75602","KEDPLASMA, LLC",903.653.1479
42.9626378,-78.7125119,NY,US,"15 Limestone Drive, Williamsville, New York 14221","KEDPLASMA, LLC /Somerset Labs",716-631-1281
35.9632916,-83.9591494,TN,US,"2820 Middlebrook Pike Ste 112, Knoxville, Tennessee 37921",Knoxville Plasma Corporation,865-637-1497
37.3728582,-79.19690969999999,Lynchburg,VA,"6015 Fort Avenue Ste 23, Lynchburg, Virginia 24502",Octapharma Plasma Inc,434-237-6881
38.8443229,-76.8717899,Prince George's County,MD,"7730 Marlboro Pike, Forestville, Maryland 20747",Octapharma Plasma Inc,301.420.1803
29.480652,-98.6079078,Bexar County,TX,"5819 NW Loop 410 Suite 114-115, San Antonio, Texas 78238",Octapharma Plasma Inc.,210-521-2203
34.8096292,-87.66539519999999,Lauderdale County,AL,"887 Florence Boulevard, Florence, Alabama 35630",Octapharma Plasma Inc.,256-767-0493
34.1878736,-118.4481941,Los Angeles County,CA,"6454 Van Nuys Boulevard, Suite 100, Van Nuys, California 91401",Octapharma Plasma Inc.,818-997-6033
32.7531746,-117.2189692,CA,US,"3232 Duke Street, San Diego, California 92110",Octapharma Plasma Inc.,619-758-9278
30.1634564,-81.751181,Clay County,FL,"2141 Loch Rane Boulevard, Suites 101-105, Orange Park, Florida 32073",Octapharma Plasma Inc.,904-276-2084
30.3294104,-81.588629,Duval County,FL,"978 Arlington Road, Jacksonville, Florida 32211",Octapharma Plasma Inc.,904-805-0381
41.4893128,-90.4824859,Rock Island County,IL,"3644 Avenue of the Cities, Moline, Illinois 61265",Octapharma Plasma Inc.,309-757-9030
41.7473742,-88.2866378,IL,US,"418 Hill Avenue, Aurora, Illinois 60505",Octapharma Plasma Inc.,630-375-0228
39.7628414,-89.6854078,Sangamon County,IL,"1770 Wabash Avenue, Springfield, Illinois 62704",Octapharma Plasma Inc.,217-546-8605
41.652301,-86.2493097,St Joseph County,IN,"2102 S. Michigan Street, South Bend, Indiana 46613",Octapharma Plasma Inc.,574-234-9568
37.9937226,-87.57522999999999,IN,US,"1810 North First Avenue, Evansville, Indiana 47710",Octapharma Plasma Inc.,812-463-6162
39.46406990000001,-87.4163361,Vigo County,IN,"115 Walnut Street, Terre Haute, Indiana 47807",Octapharma Plasma Inc.,812-234-0501
41.6118582,-93.5696985,Polk County,IA,"2588 Hubbell Avenue, Des Moines, Iowa 50317",Octapharma Plasma Inc.,515-263-2192
42.5156692,-96.40543,Woodbury County,IA,"2417 Pierce Street, Sioux City, Iowa 51104",Octapharma Plasma Inc.,712-258-4140
37.6993659,-97.2994748,KS,US,"907 N. Hillside Street, Wichita, Kansas 67214",Octapharma Plasma Inc.,316-681-0208
29.8995064,-90.0184369,Jefferson Parish,LA,"665 Behrman Highway, Gretna, Louisiana 70056",Octapharma Plasma Inc.,504-433-2344
32.5217469,-92.085451,LA,US,"3144 Louisville Avenue Eastgate Shopping Center, Monroe, Louisiana 71201",Octapharma Plasma Inc.,318-322-1214
42.2380911,-83.62382679999999,MI,US,"813 W. Michigan Avenue, Ypsilanti, Michigan 48198",Octapharma Plasma Inc.,734-483-2084
41.2410636,-95.97891899999999,NE,US,"4411 Center Street Ste B, Omaha, Nebraska 68105",Octapharma Plasma Inc.,402-614-6630
36.1624234,-115.1258725,NV,US,"1732 East Fremont Street, Las Vegas, Nevada 89101",Octapharma Plasma Inc.,702-385-7337
35.276155,-80.7951674,Mecklenburg County,NC,"5108 Reagan Drive Suite 1, Charlotte, North Carolina 28206",Octapharma Plasma Inc.,704-921-2702
35.2353289,-80.73623119999999,Mecklenburg County,NC,"3120 Milton Road, Charlotte, North Carolina 28215",Octapharma Plasma Inc.,704-537-3880
34.1043514,-80.95282259999999,Richland County,SC,"10 Gateway Corner's Park Suite 100, Columbia, South Carolina 29203",Octapharma Plasma Inc.,803-736-5888
38.5249525,-121.4461084,Sacramento County,CA,"58101 Fruitridge Road, Sacramento, California 95820",Octapharma Plasma Inc.,916-457-7850
33.5304368,-101.871383,Lubbock County,TX,"7006 University Avenue, Unit 13, Lubbock, Texas 79413",Octapharma Plasma Inc.,806-748-4080
40.6531458,-111.8669577,UT,US,"5414 South 900 East, Salt Lake City, Utah 84117",Octapharma Plasma Inc.,801-262-0183
37.0196778,-76.44069139999999,Hampton,VA,"50 New Market Square, Newport News, Virginia 23605",Octapharma Plasma Inc.,757-380-0124
36.813179,-76.10166900000002,Virginia Beach,VA,"949-A Chimney Hill Shopping Center, Virginia Beach, Virginia 23452",Octapharma Plasma Inc.,757-498-5160
36.8332698,-76.3415493,VA,US,"601 Frederick Boulevard, Portsmouth, Virginia 23707",Octapharma Plasma Inc.,757-393-9202
36.914561,-76.249163,VA,US,"843 E. Little Creek Road, Norfolk, Virginia 23518",Octapharma Plasma Inc.,757-480-0945
37.203743,-77.3822361,VA,US,"2007 S Sycamore, Petersburg, Virginia 23805",Octapharma Plasma Inc.,804-722-1635
36.7872681,-76.25246419999999,VA,US,"1935 South Military Hwy, Chesapeake, Virginia 23320",Octapharma Plasma Inc.,757-543-3401
47.7145782,-117.4027447,WA,US,"510 East Francis Avenue, Spokane, Washington 99208",Octapharma Plasma Inc.,500-484-7001
42.3621409,-83.27899099999999,MI,US,"9349 Telegraph Road, Redford, Michigan 48239",Octapharma Plasma Inc.,313.535.0200
39.0393451,-94.4168425,MO,US,"4470 S Noland Road, Independence, Missouri 64055",Octapharma Plasma Inc.,816.478.7430
32.8598474,-96.89001929999999,TX,US,"2320 Stemmons Trail, Dallas, Texas 75220",Octapharma Plasma Inc.,214-351-1640
29.6823774,-95.4391375,Harris County,TX,"9203 Stella Link Road, Houston, Texas 77081",Octapharma Plasma Inc.,713-668-6659
35.154308,-80.875152,NC,US,"5943 South Blvd, Charlotte, North Carolina 28217",Octapharma Plasma Inc.,704-553.4191
32.6944042,-97.06017969999999,Tarrant County,TX,"2985 S. State Hwy 360, Suite 102, Grand Prairie, Texas 75052",Octapharma Plasma Inc.,972.606.4901
29.5085296,-98.38700999999999,TX,US,"5330 Walzem Road, Suite 108, San Antonio, Texas 78218",Octapharma Plasma Inc.,210-590-1900
40.0385412,-82.9650339,Franklin County,OH,"3467 Cleveland Avenue, Columbus, Ohio 43224",Octapharma Plasma Inc.,614-261-7019
29.5494552,-98.5071974,TX,US,"11799 West Avenue, San Antonio, Texas 78216",Octapharma Plasma Inc.,210-366.0502
28.6098982,-81.41457079999999,Orange County,FL,"5739-B Edgewater Drive, Orlando, Florida 32810-5258",Octapharma Plasma Inc.,407-295-0533
41.5887833,-87.5560402,IL,US,"16845 Torrence Ave, Lansing, Illinois 60438",Octapharma Plasma Inc.,708-418-5258
28.5770193,-81.4695221,FL,US,"6394 Silver Star Rd, Orlando, Florida 32810",Octapharma Plasma Inc.,407-295-8008
28.5606829,-81.3094108,Orange County,FL,"993 Semoran Blvd, Orlando, Florida 32807",Octapharma Plasma Inc.,407-207-5493
39.9278369,-82.8312902,Franklin County,OH,"2740 Brice Road, Reynoldsburg, Ohio 43068",Octapharma Plasma Inc.,614-575-6400
45.0309906,-93.0284628,MN,US,"1731 Bean Avenue, Maplewood, Minnesota 55109",Octapharma Plasma Inc.,651.770.3330
29.6635326,-95.1876116,TX,US,"3150 Burke Road, Pasadena, Texas 77504",Octapharma Plasma Inc.,713.941.2821
39.2766481,-76.5026671,Baltimore County,MD,"1405 Merritt Blvd, Dundalk, Maryland 21222","Octapharma Plasma, Inc",410-284-2227
34.802463,-92.21463589999999,AR,US,"5121 Warden Road, North Little Rock, Arkansas 72116","Octapharma Plasma, Inc.",501-812-0440
41.2617173,-95.9002943,Pottawattamie County,IA,"3415 West Broadway, Suite A, Council Bluffs, Iowa 51501","Octapharma Plasma, Inc.",712-352-1717
42.298035,-85.5878192,MI,US,"705 N. Park Street, Kalamazoo, Michigan 49007","Octapharma Plasma, Inc.",269-349-2124
33.4008782,-91.0371826,MS,US,"506 South Dr Martin Luther King Jr Blvd, Greenville, Mississippi 38701","Octapharma Plasma, Inc.",662-378-9005
41.2126705,-95.94905720000001,NE,US,"4640 South 25th Street, Omaha, Nebraska 68107","Octapharma Plasma, Inc.",402-733-1169
32.7412225,-97.26385289999999,TX,US,"4085 East Lancaster Avenue, Ft. Worth, Texas 76103","Octapharma Plasma, Inc.",817-531-3100
32.8750692,-96.6151958,Dallas County,TX,"3342 Broadway Boulevard, Suite 110, Garland, Texas 75043","Octapharma Plasma, Inc.",214-703-8369
38.7737952,-90.3373642,MO,US,"8780 Pershall Road, Hazelwood, Missouri 63042","Octapharma Plasma, Inc.",314-524-9015
41.46640319999999,-81.7614207,OH,US,"10694 Lorain Avenue, Cleveland, Ohio 44111","Octapharma Plasma, Inc.",216-252-6811
41.41337,-81.52928039999999,OH,US,"5398 Northfield Road, Maple Heights, Ohio 44137","Octapharma Plasma, Inc.",216-518-0322
39.7724462,-86.0136952,Marion County,IN,"8807 E Washington Street, Indianapolis, Indiana 46219","Octapharma Plasma, Inc.",317-897-8044
33.7806935,-84.2414538,Dekalb County,GA,"4570 Memorial Drive, Suite A, Decatur, Georgia 30032","Octapharma Plasma, Inc.",404-292-9244
33.8426733,-84.3247384,Dekalb County,GA,"3363 Buford Hwy, NE, Ste 995, Atlanta, Georgia 30329","Octapharma Plasma, Inc.",404-471-9921
42.5202342,-83.09973699999999,Oakland County,MI,"404 East 13 Mile Road, Madison Heights, Michigan 48071","Octapharma Plasma, Inc.",248-597-0314
41.9070214,-87.90411770000001,Cook County,IL,"17 West North Avenue, Northlake, Illinois 60164","Octapharma Plasma, Inc.",704-409-0900
39.8830327,-83.00284490000001,Franklin County,OH,"83-B Great Southern Blvd, Columbus, Ohio 43207","Octapharma Plasma, Inc.",614-491-2800
39.3089038,-76.7541775,Baltimore County,MD,"1700 N Rolling Road, Baltimore, Maryland 21244","Octapharma Plasma, Inc.",410-265-5729
43.17866069999999,-88.0182208,Milwaukee County,WI,"8602 W Brown Deer Road, Milwaukee, Wisconsin 53224","Octapharma Plasma, Inc.",414-586-0045
28.02585,-82.484267,Hillsborough County,FL,"8420 N Armenia Avenue, Tampa, Florida 33604","Octapharma Plasma, Inc.",813-915-1100
32.6613283,-97.4036355,Tarrant County,TX,"6228 Hulen Bend Blvd, Ft. Worth, Texas 76132","Octapharma Plasma, Inc.",817.423.8083
42.0611575,-88.3162622,Kane County,IL,"1166 N. McLean Boulevard, Elgin, Illinois 60123",Plasma Biological Services,847-531-8185
37.7473991,-87.1145007,KY,US,"2820 Frederica Street, Owensboro, Kentucky 42301",Plasma Biological Services Inc.,270-685-0070
39.7814687,-94.7972789,MO,US,"1602 North Woodbine Road, St Joseph, Missouri 64506",Plasma Biological Services Inc.,816-901-9770
38.9522983,-92.3269,MO,US,"916 East Walnut street, Columbia, Missouri 65201",Plasma Biological Services Inc.,573-449-3961
35.593961,-82.5334889,NC,US,"85 Tunnel Road, Ste 2A, Asheville, North Carolina 28805",Plasma Biological Services Inc.,828-252-9977
36.3129721,-82.35421660000002,TN,US,"404 Ashe Street, Johnson City, Tennessee 37604",Plasma Biological Services Inc.,423-926-3169
35.14819910000001,-89.9166601,TN,US,"4321 Summer Avenue, Memphis, Tennessee 38122",Plasma Biological Services Inc.,901-842-5500
35.2215517,-89.9257215,TN,US,"3508 Ramill Road, Memphis, Tennessee 38128",Plasma Biological Services Inc.,901-358-2511
35.6526152,-88.82706960000002,TN,US,"104 Old Hickory Blvd. East, Jackson, Tennessee 38301",Plasma Biological Services Inc.,731-422-2537
36.2064346,-86.7370404,TN,US,"3201 Gallatin Pike, Nashville, Tennessee 37216","Plasma Biological Services, Inc.",615-915-2649
50.0712835,14.4038046,Hlavní město Praha,Hlavní město Praha,"Bozdechova 2, Prague, 15000 Czech Republic",Plasma Place s.r.o.,+42.0735208208
50.21057400000001,15.8298444,Hradec Králové,Královéhradecký kraj,"Ceskoslovenske Armady 295, Hradec Králové, 15002 Czech Republic",Plasma Place s.r.o.,+42.0601031031
,,,,"Alter Posthof 1 / Kapuziner Karree, D-52062 Aachen, Germany",Plasma Service Europe GmbH,+49 241 900 8819
51.51449479999999,7.4585691,Arnsberg,NRW,"Kampstraße 88 - 100, D-44137 Dortmund, Germany",Plasma Service Europe GmbH,+49 231 95049 112
51.48557,11.96754,Halle (Saale),SA,"Grosse Ulrichstrasse 19, D-06108 Halle/Saale, Germany",Plasma Service Europe GmbH,+49 345 444 770
50.9333557,6.940376,K,NRW,"Hohenstaufenring 62, D-50674 Köln, Germany",Plasma Service Europe GmbH,+49 221 420365 65
52.1318293,11.6381531,MD,SA,"Alter Markt 12, D-39104 Magdeburg, Germany",Plasma Service Europe GmbH,+49 391 607 750
51.3545226,11.9942261,Saalekreis,SA,"Gotthardstr. 35 / Klia-Passage, D-06217 Merseburg, Germany",Plasma Service Europe GmbH,+49 3461 27882 0
51.5011722,10.7949522,NDH,TH,"Rautenstr. 8, D-99734 Nordhausen, Germany",Plasma Service Europe GmbH,+49 3631 46259 0
54.093093,12.1441292,Rostock,MV,"Am Strande 3 / Silo III, D-18055 Rostock, Germany",Plasma Service Europe GmbH,+49381 377 900
54.0881,12.1359299,Rostock,MV,"Kropeliner Strasse 25, D-18055 Rostock, Germany",Plasma Service Europe GmbH,+49381 377 900
47.26710449999999,11.3902856,Innsbruck,Tirol,"Innrain 6-8, A-6020 Innsbruck, Austria",Plasmadienst Tirol GmbH / Biotest,+43 512 58 47 23
48.17938470000001,16.3763432,Wien,Wien,"Favoritenstrasse 93, Vienna, 1100 Austria",Plasmapunkt - Favoriten,431-603-1514
48.24259730000001,16.4342189,Wien,Wien,"Siebeckstraße 7, Stiege III, 3, Stock, A-1220 Vienna, Austria",Plasmapunkt Donauzentrum,+43 1 2024787
47.0602741,15.427054,Graz,Steiermark,"Lazarettgurtel 55, 8020 Graz, Austria",Plasmaspendedienst Graz,+43 316 232 500
47.4858527,19.0720205,Kisfaludy u.,Budapest,"Kisfaludi u. 32-38. IV. em. H-1082 Budapest, Hungary",Plazmaszolgálat/Corvin Plazmacentrum (Biotest),
47.4845983,19.0610157,IX. kerület,Budapest,"Czuczor u. 10. III. em. H-1093 Budapest, Hungary",Plazmaszolgálat/Studium Plazmacentrum (Biotest),
46.25584509999999,20.1421562,Mikszáth Kálmán u.,Szeged,"Mikszáth Kálmán utca 20-22, H-6722 Szeged, Hungary",Plazmaszolgálat/Szeged (Biotest),
49.8035289,-97.1469824,Division No. 11,MB,"137 Innovation Drive, Winnipeg, MB R3T 6B6, Canada",Prometic Plasma Resources,204-275-4630
51.47775,7.2248,Arnsberg,NRW,"Ferdinandstrasse 13, D-44789 Bochum, Germany",Ruhr Plasma Center,+49 234 33 0727
39.7094354,-86.1451759,Marion County,IN,"3902 Madison Avenue, Indianapolis, IN 46227",Saturn Biomedical,317-786-4470
32.80806,-116.9456413,CA,US,"1068 Broadway, El Cajon, CA 92021","Scantibodies Biologics, Inc.",619-440-0283
33.2302441,-87.5363015,AL,US,"1406 McFarland Blvd N, Ste 1A, Tuscaloosa, Alabama 35406","Southern Blood Services, Inc.",205-759-4007
33.4367135,-86.7321267,Jefferson County,AL,"3800 Colonnade Pkwy Ste 200, Birmingham, Alabama 35243","Southern Blood Services, Inc.",205-967-8189
36.1436416,-86.7939025,TN,US,"1114 17th Avenue South Suite 104, Nashville, Tennessee 37212","Southern Blood Services, Inc.",615-342-0180
50.0970297,14.4048938,Hlavní město Praha,Hlavní město Praha,"Milady Horakove 109/116, Prague, 16000 Czech Republic",UNICAplasma s.r.o.,+42.335.444.7777
